id,value
16407,100633.0
16408,101135.0
16409,98646.0
16410,98680.0
16411,98665.0
16412,101061.0
16413,112928.0
16414,111935.0
16415,111050.0
16416,111515.0
16417,104635.0
16418,100909.0
16419,110962.0
16420,114157.0
16421,116295.0
16422,116554.0
16423,117226.0
16424,108987.0
16425,104660.0
16426,115786.0
16427,115727.0
16428,115988.0
16429,116418.0
16430,116033.0
16431,106775.0
16432,101057.0
16433,112227.0
16434,114022.0
16435,114716.0
16436,114758.0
16437,113274.0
16438,105366.0
16439,101565.0
16440,111020.0
16441,114341.0
16442,113840.0
16443,116121.0
16444,115245.0
16445,106232.0
16446,102163.0
16447,112584.0
16448,113978.0
16449,113559.0
16450,114186.0
16451,114381.0
16452,106891.0
16453,104420.0
16454,115310.0
16455,116354.0
16456,107002.0
16457,116501.0
16458,116267.0
16459,107181.0
16460,103060.0
16461,114284.0
16462,114944.0
16463,115209.0
16464,114643.0
16465,113365.0
16466,110737.0
16467,100209.0
16468,98243.0
16469,95943.0
16470,109954.0
16471,107161.0
16472,107062.0
16473,97740.0
16474,94946.0
16475,105337.0
16476,104703.0
16477,103432.0
16478,103865.0
16479,104038.0
16480,97317.0
16481,93996.0
16482,103507.0
16483,104551.0
16484,104165.0
16485,103379.0
16486,103984.0
16487,97080.0
16488,89590.0
16489,101138.0
16490,103769.0
16491,103855.0
16492,103940.0
16493,101826.0
16494,93139.0
16495,88468.0
16496,95550.0
16497,95451.0
16498,95030.0
16499,97096.0
16500,96889.0
16501,89076.0
16502,86046.0
16503,94797.0
16504,95936.0
16505,95629.0
16506,94436.0
16507,94569.0
16508,86590.0
16509,83247.0
16510,91532.0
16511,92978.0
16512,93602.0
16513,94741.0
16514,93566.0
16515,85957.0
16516,81845.0
16517,92879.0
16518,93765.0
16519,92684.0
16520,91362.0
16521,89376.0
16522,80262.0
16523,73813.0
16524,74681.0
16525,84293.0
16526,83670.0
16527,83752.0
16528,82696.0
16529,74195.0
16530,70927.0
16531,69613.0
16532,82154.0
16533,81638.0
16534,82130.0
16535,83387.0
16536,76223.0
16537,72570.0
16538,82361.0
16539,82721.0
16540,82746.0
16541,81986.0
16542,81518.0
16543,75248.0
16544,71226.0
16545,81249.0
16546,80547.0
16547,80831.0
16548,80394.0
16549,82428.0
16550,75465.0
16551,72346.0
16552,81540.0
16553,81879.0
16554,80475.0
16555,79933.0
16556,79357.0
16557,73173.0
16558,70005.0
16559,79061.0
16560,80165.0
16561,81269.0
16562,81554.0
16563,80921.0
16564,73038.0
16565,70736.0
16566,72153.0
16567,81112.0
16568,81798.0
16569,81157.0
16570,81397.0
16571,72875.0
16572,70758.0
16573,79411.0
16574,80152.0
16575,79798.0
16576,79169.0
16577,78815.0
16578,71777.0
16579,68487.0
16580,78384.0
16581,79486.0
16582,78670.0
16583,78707.0
16584,79251.0
16585,71340.0
16586,67910.0
16587,77579.0
16588,79906.0
16589,80605.0
16590,79739.0
16591,79685.0
16592,72865.0
16593,70255.0
16594,79306.0
16595,80144.0
16596,79470.0
16597,80175.0
16598,79963.0
16599,71967.0
16600,69614.0
16601,77769.0
16602,79333.0
16603,79693.0
16604,80308.0
16605,79806.0
16606,72477.0
16607,69307.0
16608,78851.0
16609,80388.0
16610,81112.0
16611,82298.0
16612,81483.0
16613,73123.0
16614,70249.0
16615,81643.0
16616,81485.0
16617,81333.0
16618,79694.0
16619,79819.0
16620,73090.0
16621,68569.0
16622,78138.0
16623,78726.0
16624,77959.0
16625,79157.0
16626,78694.0
16627,71328.0
16628,69013.0
16629,78304.0
16630,78850.0
16631,76969.0
16632,75549.0
16633,74413.0
16634,67526.0
16635,65836.0
16636,75701.0
16637,76518.0
16638,77354.0
16639,78047.0
16640,78797.0
16641,72674.0
16642,69945.0
16643,77880.0
16644,77245.0
16645,79476.0
16646,79738.0
16647,79023.0
16648,70812.0
16649,68804.0
16650,78977.0
16651,80862.0
16652,82097.0
16653,83085.0
16654,82850.0
16655,75246.0
16656,72397.0
16657,81743.0
16658,83294.0
16659,83385.0
16660,83336.0
16661,84775.0
16662,77260.0
16663,74624.0
16664,84587.0
16665,87156.0
16666,87335.0
16667,88780.0
16668,88272.0
16669,83307.0
16670,78726.0
16671,89500.0
16672,91157.0
16673,92561.0
16674,92249.0
16675,91204.0
16676,84123.0
16677,80890.0
16678,91855.0
16679,93497.0
16680,94155.0
16681,94221.0
16682,93129.0
16683,85748.0
16684,83120.0
16685,91924.0
16686,92816.0
16687,91828.0
16688,92464.0
16689,92097.0
16690,85189.0
16691,82954.0
16692,94693.0
16693,95774.0
16694,95593.0
16695,95295.0
16696,94857.0
16697,88538.0
16698,86815.0
16699,97171.0
16700,99762.0
16701,101044.0
16702,101281.0
16703,102769.0
16704,96340.0
16705,92887.0
16706,102991.0
18366,380908.0
18367,386951.0
18368,389038.0
18369,391358.0
18370,389487.0
18371,393293.0
18372,408389.0
18373,400748.0
18374,396697.0
18375,396407.0
18376,386530.0
18377,381359.0
18378,401541.0
18379,411593.0
18380,415956.0
18381,414265.0
18382,415008.0
18383,403709.0
18384,398386.0
18385,420122.0
18386,415487.0
18387,417092.0
18388,416946.0
18389,411168.0
18390,395593.0
18391,390558.0
18392,408577.0
18393,405424.0
18394,402106.0
18395,399314.0
18396,403129.0
18397,389801.0
18398,385972.0
18399,400597.0
18400,400357.0
18401,399905.0
18402,401080.0
18403,398117.0
18404,388532.0
18405,383821.0
18406,399098.0
18407,403094.0
18408,406346.0
18409,408942.0
18410,415129.0
18411,405300.0
18412,403425.0
18413,420481.0
18414,423147.0
18415,408617.0
18416,419580.0
18417,406177.0
18418,391534.0
18419,385510.0
18420,401231.0
18421,403900.0
18422,403406.0
18423,396299.0
18424,395884.0
18425,391952.0
18426,380036.0
18427,374406.0
18428,372266.0
18429,386426.0
18430,378940.0
18431,379794.0
18432,368026.0
18433,363468.0
18434,379186.0
18435,377938.0
18436,377891.0
18437,378243.0
18438,377373.0
18439,363248.0
18440,358681.0
18441,374191.0
18442,375767.0
18443,375417.0
18444,374122.0
18445,374114.0
18446,364016.0
18447,344500.0
18448,374211.0
18449,376265.0
18450,374075.0
18451,374656.0
18452,372504.0
18453,356628.0
18454,354480.0
18455,364058.0
18456,361653.0
18457,356735.0
18458,351722.0
18459,350390.0
18460,339237.0
18461,335825.0
18462,348594.0
18463,349006.0
18464,348458.0
18465,345975.0
18466,350719.0
18467,339748.0
18468,335236.0
18469,346729.0
18470,342985.0
18471,344043.0
18472,346317.0
18473,350736.0
18474,337588.0
18475,332463.0
18476,346134.0
18477,342562.0
18478,336435.0
18479,333675.0
18480,330423.0
18481,316565.0
18482,315679.0
18483,316452.0
18484,326218.0
18485,322050.0
18486,322015.0
18487,325901.0
18488,315612.0
18489,309240.0
18490,304733.0
18491,319837.0
18492,320267.0
18493,317380.0
18494,318232.0
18495,307895.0
18496,304837.0
18497,322471.0
18498,321163.0
18499,317004.0
18500,312995.0
18501,311818.0
18502,306632.0
18503,299207.0
18504,316189.0
18505,318079.0
18506,316082.0
18507,319289.0
18508,314652.0
18509,297248.0
18510,296311.0
18511,314649.0
18512,312275.0
18513,318178.0
18514,316443.0
18515,321179.0
18516,309590.0
18517,303154.0
18518,315591.0
18519,316646.0
18520,314950.0
18521,313240.0
18522,313279.0
18523,300809.0
18524,299542.0
18525,298179.0
18526,312365.0
18527,313158.0
18528,313716.0
18529,313994.0
18530,301297.0
18531,297483.0
18532,311287.0
18533,314030.0
18534,311217.0
18535,314341.0
18536,315135.0
18537,300457.0
18538,295416.0
18539,308717.0
18540,307431.0
18541,307933.0
18542,304116.0
18543,306319.0
18544,298705.0
18545,295137.0
18546,313516.0
18547,313796.0
18548,312895.0
18549,311693.0
18550,312272.0
18551,300414.0
18552,297610.0
18553,310231.0
18554,312621.0
18555,313240.0
18556,311235.0
18557,312151.0
18558,295999.0
18559,295202.0
18560,310503.0
18561,309506.0
18562,310868.0
18563,313197.0
18564,312559.0
18565,301672.0
18566,296900.0
18567,315101.0
18568,312534.0
18569,316537.0
18570,317009.0
18571,318397.0
18572,304876.0
18573,300032.0
18574,317983.0
18575,314818.0
18576,310593.0
18577,305223.0
18578,310282.0
18579,298391.0
18580,296668.0
18581,310526.0
18582,311285.0
18583,310810.0
18584,307425.0
18585,308838.0
18586,298922.0
18587,295122.0
18588,310609.0
18589,313257.0
18590,316392.0
18591,316060.0
18592,314668.0
18593,303597.0
18594,300394.0
18595,315311.0
18596,314741.0
18597,317183.0
18598,322345.0
18599,326927.0
18600,314202.0
18601,311260.0
18602,323739.0
18603,318347.0
18604,315025.0
18605,313693.0
18606,313110.0
18607,299468.0
18608,294685.0
18609,306334.0
18610,307899.0
18611,311559.0
18612,314871.0
18613,320071.0
18614,310931.0
18615,309604.0
18616,318109.0
18617,321884.0
18618,324613.0
18619,322700.0
18620,323870.0
18621,311180.0
18622,309185.0
18623,325440.0
18624,325384.0
18625,331775.0
18626,335007.0
18627,342069.0
18628,332690.0
18629,329575.0
18630,341671.0
18631,337805.0
18632,342023.0
18633,338297.0
18634,339320.0
18635,329829.0
18636,329451.0
18637,347295.0
18638,346140.0
18639,348269.0
18640,349079.0
18641,350862.0
18642,338271.0
18643,330007.0
18644,346220.0
18645,342219.0
18646,343098.0
18647,344535.0
18648,343031.0
18649,331707.0
18650,328609.0
18651,349604.0
18652,353247.0
18653,359987.0
18654,362238.0
18655,359056.0
18656,345120.0
18657,341049.0
18658,355039.0
18659,357249.0
18660,357789.0
18661,362506.0
18662,365037.0
18663,355935.0
18664,353668.0
18665,373184.0
20325,223307.0
20326,223173.0
20327,222707.0
20328,223414.0
20329,223236.0
20330,222974.0
20331,226952.0
20332,226214.0
20333,226389.0
20334,223437.0
20335,221648.0
20336,219764.0
20337,222366.0
20338,223413.0
20339,222179.0
20340,223925.0
20341,222369.0
20342,221385.0
20343,222483.0
20344,226400.0
20345,224545.0
20346,221802.0
20347,224516.0
20348,224120.0
20349,222539.0
20350,221647.0
20351,223864.0
20352,223021.0
20353,225388.0
20354,223696.0
20355,226004.0
20356,224598.0
20357,220917.0
20358,225405.0
20359,223639.0
20360,221792.0
20361,202721.0
20362,217044.0
20363,214192.0
20364,211525.0
20365,214252.0
20366,214204.0
20367,209877.0
20368,198699.0
20369,208148.0
20370,222835.0
20371,222582.0
20372,224189.0
20373,224929.0
20374,206113.0
20375,206342.0
20376,206843.0
20377,203035.0
20378,202007.0
20379,204408.0
20380,204603.0
20381,203529.0
20382,219774.0
20383,219296.0
20384,218422.0
20385,202316.0
20386,197703.0
20387,197842.0
20388,199352.0
20389,198766.0
20390,216113.0
20391,212592.0
20392,210852.0
20393,212434.0
20394,210858.0
20395,201847.0
20396,201164.0
20397,200710.0
20398,200580.0
20399,191880.0
20400,202269.0
20401,192507.0
20402,200773.0
20403,190390.0
20404,189910.0
20405,193078.0
20406,190296.0
20407,199258.0
20408,199956.0
20409,199782.0
20410,199362.0
20411,203453.0
20412,203098.0
20413,202157.0
20414,201627.0
20415,203672.0
20416,203978.0
20417,202861.0
20418,200788.0
20419,199722.0
20420,201199.0
20421,202607.0
20422,198121.0
20423,197422.0
20424,195729.0
20425,196899.0
20426,196293.0
20427,195754.0
20428,197394.0
20429,196791.0
20430,197817.0
20431,197056.0
20432,198140.0
20433,197545.0
20434,196868.0
20435,197593.0
20436,197386.0
20437,199264.0
20438,197274.0
20439,196441.0
20440,194301.0
20441,195148.0
20442,194488.0
20443,195520.0
20444,197694.0
20445,195996.0
20446,196121.0
20447,194666.0
20448,194630.0
20449,194807.0
20450,195183.0
20451,195531.0
20452,196448.0
20453,194870.0
20454,193980.0
20455,193576.0
20456,195611.0
20457,195437.0
20458,194894.0
20459,193655.0
20460,192299.0
20461,192073.0
20462,192403.0
20463,193386.0
20464,191699.0
20465,191713.0
20466,191542.0
20467,190083.0
20468,187949.0
20469,187084.0
20470,189579.0
20471,186617.0
20472,189393.0
20473,198643.0
20474,198667.0
20475,196260.0
20476,194642.0
20477,196810.0
20478,198515.0
20479,198549.0
20480,196567.0
20481,196033.0
20482,194229.0
20483,191699.0
20484,191928.0
20485,194485.0
20486,194781.0
20487,196204.0
20488,196400.0
20489,193594.0
20490,193315.0
20491,195641.0
20492,195186.0
20493,193342.0
20494,195261.0
20495,194974.0
20496,191431.0
20497,191396.0
20498,193161.0
20499,192833.0
20500,194029.0
20501,193219.0
20502,193285.0
20503,191885.0
20504,191611.0
20505,193665.0
20506,192084.0
20507,193466.0
20508,194026.0
20509,194856.0
20510,191484.0
20511,191890.0
20512,193700.0
20513,192882.0
20514,191741.0
20515,191878.0
20516,192135.0
20517,191966.0
20518,192862.0
20519,194271.0
20520,193829.0
20521,194068.0
20522,195028.0
20523,196974.0
20524,194842.0
20525,192969.0
20526,195407.0
20527,195723.0
20528,196512.0
20529,195438.0
20530,195155.0
20531,193439.0
20532,193254.0
20533,194232.0
20534,194103.0
20535,193005.0
20536,193879.0
20537,194169.0
20538,194239.0
20539,194844.0
20540,195989.0
20541,196329.0
20542,196809.0
20543,195766.0
20544,194608.0
20545,191946.0
20546,191479.0
20547,194006.0
20548,192468.0
20549,192922.0
20550,193255.0
20551,195081.0
20552,193411.0
20553,191885.0
20554,193746.0
20555,194720.0
20556,196469.0
20557,199547.0
20558,200454.0
20559,198584.0
20560,198868.0
20561,199708.0
20562,199864.0
20563,200825.0
20564,203303.0
20565,204226.0
20566,200385.0
20567,200218.0
20568,200622.0
20569,200881.0
20570,202804.0
20571,202038.0
20572,201098.0
20573,196627.0
20574,197347.0
20575,201553.0
20576,201205.0
20577,201479.0
20578,200205.0
20579,201081.0
20580,197256.0
20581,197038.0
20582,199694.0
20583,199911.0
20584,200553.0
20585,199756.0
20586,201869.0
20587,198214.0
20588,199905.0
20589,201050.0
20590,201830.0
20591,201927.0
20592,202655.0
20593,200878.0
20594,201920.0
20595,201846.0
20596,204135.0
20597,205008.0
20598,206433.0
20599,206181.0
20600,203664.0
20601,206488.0
20602,207204.0
20603,206764.0
20604,205446.0
20605,204469.0
20606,206521.0
20607,206288.0
20608,207260.0
20609,205940.0
20610,207766.0
20611,206857.0
20612,207145.0
20613,205589.0
20614,205946.0
20615,205013.0
20616,208507.0
20617,209017.0
20618,209304.0
20619,211306.0
20620,210970.0
20621,213014.0
20622,213585.0
20623,214761.0
20624,217234.0
736,35636.2
737,37018.17
738,36623.1
739,36991.26
740,36342.23
741,36261.15
742,38983.09
743,39831.2
744,39193.85
745,39088.3
746,37355.24
747,36541.19
748,38808.28
749,39465.63
750,39768.51
751,40764.27
752,40611.44
753,38559.24
754,37818.57
755,39475.56
756,40221.22
757,40046.15
758,39987.33
759,39486.35
760,37848.06
761,36533.38
762,38852.93
763,39662.95
764,39342.46
765,39346.01
766,38890.12
767,37380.1
768,36030.99
769,38629.56
770,38450.99
771,37764.77
772,37619.37
773,39033.52
774,38037.78
775,36599.45
776,38643.8
777,39124.32
778,40312.71
779,41023.32
780,42440.4
781,40549.74
782,38961.13
783,41539.38
784,41715.15
785,39635.87
786,41626.68
787,41931.4
788,40366.94
789,40299.19
790,42335.28
791,42737.66
792,42921.28
793,41499.11
794,40618.11
795,39916.45
796,37001.85
797,36616.63
798,36664.26
799,39313.52
800,38785.31
801,38608.09
802,37241.51
803,35727.26
804,37913.01
805,37678.2
806,36929.65
807,36690.57
808,36860.71
809,35546.41
810,35174.32
811,37333.07
812,37572.27
813,37296.6
814,37482.87
815,37144.97
816,36224.0
817,33957.28
818,36962.53
819,37294.59
820,37175.43
821,37193.13
822,36771.26
823,34794.01
824,33304.07
825,35323.8
826,35357.35
827,35419.8
828,35765.86
829,35442.31
830,33379.42
831,33305.09
832,35367.53
833,35392.61
834,34713.26
835,34142.62
836,34403.81
837,32640.62
838,31472.6
839,33872.37
840,34281.65
841,33302.77
842,33432.35
843,32928.78
844,31476.38
845,30229.15
846,32278.77
847,31631.18
848,30577.42
849,30380.63
850,30303.45
851,28392.8
852,27851.92
853,28976.21
854,29993.99
855,30636.25
856,30992.68
857,30829.29
858,28463.56
859,27821.17
860,28367.15
861,30726.87
862,30425.7
863,29675.1
864,30204.47
865,28971.15
866,28246.7
867,30586.74
868,30265.96
869,29692.23
870,29913.74
871,29655.79
872,28417.42
873,27760.0
874,30028.13
875,30529.29
876,31105.8
877,30802.99
878,30584.19
879,29591.39
880,28851.76
881,30838.32
882,31067.05
883,30949.7
884,30598.19
885,30194.49
886,29123.47
887,28328.97
888,30289.55
889,30697.65
890,30371.91
891,29918.49
892,29484.31
893,28664.22
894,27015.37
895,27086.87
896,29528.66
897,29771.07
898,29534.2
899,29430.94
900,27411.78
901,26613.38
902,29291.38
903,29569.58
904,30457.13
905,30794.1
906,29919.56
907,28400.79
908,27829.82
909,30469.67
910,30591.89
911,31254.43
912,31421.42
913,31678.45
914,29990.18
915,28438.1
916,31139.19
917,29603.28
918,29702.8
919,29512.69
920,30090.68
921,28457.16
922,27516.68
923,29704.24
924,29579.43
925,29336.77
926,29454.26
927,30190.11
928,29085.65
929,28032.41
930,30740.47
931,31469.25
932,32182.64
933,32484.42
934,32797.28
935,30579.96
936,29600.36
937,32670.47
938,32930.07
939,33065.53
940,33162.51
941,33290.42
942,31208.02
943,30355.19
944,32991.3
945,32222.22
946,31394.55
947,30762.2
948,29426.84
949,27447.75
950,26752.24
951,29740.17
952,30196.16
953,30884.73
954,31518.51
955,31546.09
956,29616.35
957,29252.08
958,31587.41
959,31072.53
960,30828.93
961,29879.19
962,29695.05
963,27436.67
964,26656.15
965,28723.54
966,28352.42
967,27998.45
968,27991.71
969,27831.54
970,26759.81
971,26175.97
972,27917.63
973,28291.27
974,28460.5
975,28485.35
976,28567.4
977,27846.0
978,26649.39
979,29126.31
980,28990.5
981,29112.21
982,29740.08
983,29354.38
984,27749.0
985,26950.67
986,29643.4
987,30269.47
988,30154.49
989,30080.41
990,29971.45
991,28127.33
992,27236.54
993,29818.27
994,30108.23
995,29651.47
996,29710.8
997,29941.02
998,28230.97
999,27955.46
1000,29854.12
1001,30585.03
1002,31432.17
1003,32043.86
1004,32349.45
1005,30135.39
1006,29609.11
1007,33402.93
1008,34080.27
1009,34044.41
1010,33925.26
1011,33634.62
1012,31287.57
1013,30354.91
1014,33063.89
1015,33519.14
1016,34049.27
1017,33887.18
1018,33055.75
1019,31645.19
1020,31141.54
1021,34549.91
1022,35206.19
1023,35452.34
1024,35405.84
1025,35941.19
1026,33236.31
1027,32794.41
1028,35556.17
1029,36475.25
1030,37031.4
1031,36923.33
1032,36788.68
1033,34216.74
1034,33391.95
1035,36887.83
2695,147902.0
2696,147531.0
2697,146114.0
2698,148133.0
2699,148065.0
2700,150963.0
2701,166862.0
2702,166975.0
2703,166922.0
2704,165318.0
2705,155034.0
2706,150685.0
2707,164217.0
2708,167804.0
2709,169952.0
2710,169795.0
2711,171505.0
2712,163253.0
2713,156977.0
2714,168390.0
2715,169536.0
2716,169047.0
2717,168824.0
2718,168510.0
2719,159745.0
2720,153340.0
2721,167364.0
2722,166886.0
2723,167466.0
2724,167368.0
2725,165414.0
2726,155853.0
2727,150630.0
2728,162574.0
2729,165128.0
2730,165165.0
2731,166445.0
2732,167827.0
2733,159242.0
2734,153007.0
2735,166189.0
2736,169546.0
2737,170249.0
2738,172024.0
2739,172807.0
2740,165403.0
2741,159735.0
2742,174827.0
2743,176131.0
2744,163562.0
2745,174475.0
2746,174420.0
2747,164542.0
2748,158513.0
2749,172805.0
2750,174444.0
2751,173361.0
2752,170955.0
2753,170303.0
2754,167009.0
2755,153259.0
2756,151101.0
2757,149475.0
2758,165729.0
2759,160575.0
2760,159379.0
2761,148967.0
2762,144773.0
2763,159694.0
2764,160092.0
2765,158264.0
2766,156421.0
2767,156980.0
2768,148407.0
2769,142418.0
2770,155770.0
2771,154884.0
2772,155223.0
2773,155248.0
2774,155249.0
2775,147160.0
2776,134658.0
2777,153719.0
2778,155658.0
2779,155670.0
2780,154877.0
2781,154294.0
2782,143312.0
2783,137695.0
2784,150792.0
2785,148447.0
2786,147110.0
2787,147716.0
2788,146609.0
2789,137131.0
2790,134046.0
2791,147805.0
2792,147725.0
2793,146777.0
2794,144769.0
2795,145608.0
2796,136819.0
2797,131022.0
2798,142296.0
2799,144345.0
2800,145380.0
2801,146562.0
2802,145212.0
2803,135400.0
2804,126527.0
2805,141791.0
2806,139791.0
2807,137336.0
2808,134151.0
2809,131658.0
2810,123056.0
2811,114342.0
2812,114553.0
2813,129610.0
2814,130288.0
2815,129945.0
2816,129238.0
2817,117893.0
2818,113423.0
2819,111170.0
2820,127147.0
2821,127752.0
2822,128705.0
2823,128846.0
2824,119599.0
2825,113567.0
2826,128287.0
2827,130151.0
2828,130654.0
2829,129765.0
2830,129088.0
2831,118665.0
2832,114034.0
2833,127900.0
2834,127488.0
2835,128721.0
2836,129229.0
2837,129784.0
2838,120916.0
2839,114463.0
2840,128097.0
2841,127747.0
2842,127895.0
2843,127690.0
2844,127432.0
2845,120823.0
2846,115892.0
2847,128623.0
2848,129421.0
2849,131488.0
2850,130997.0
2851,130802.0
2852,121128.0
2853,113549.0
2854,113365.0
2855,128074.0
2856,130016.0
2857,130370.0
2858,130732.0
2859,120427.0
2860,114695.0
2861,128638.0
2862,129439.0
2863,128936.0
2864,127183.0
2865,128149.0
2866,119423.0
2867,113671.0
2868,127377.0
2869,129689.0
2870,129358.0
2871,130200.0
2872,129173.0
2873,120276.0
2874,115074.0
2875,128206.0
2876,131830.0
2877,130924.0
2878,131891.0
2879,132657.0
2880,123896.0
2881,118429.0
2882,130140.0
2883,129015.0
2884,130253.0
2885,131713.0
2886,132242.0
2887,122657.0
2888,117393.0
2889,131558.0
2890,133526.0
2891,133677.0
2892,134384.0
2893,134878.0
2894,124621.0
2895,119108.0
2896,133616.0
2897,136355.0
2898,137173.0
2899,136946.0
2900,135678.0
2901,125078.0
2902,120724.0
2903,134673.0
2904,133288.0
2905,133364.0
2906,131615.0
2907,130629.0
2908,121801.0
2909,116210.0
2910,131426.0
2911,130296.0
2912,130796.0
2913,133662.0
2914,133526.0
2915,124710.0
2916,119452.0
2917,132919.0
2918,133813.0
2919,132000.0
2920,130089.0
2921,129956.0
2922,119563.0
2923,115676.0
2924,127843.0
2925,128876.0
2926,128716.0
2927,128621.0
2928,128057.0
2929,119968.0
2930,116163.0
2931,126667.0
2932,127588.0
2933,130177.0
2934,131601.0
2935,130328.0
2936,119964.0
2937,116095.0
2938,129434.0
2939,131798.0
2940,133514.0
2941,133804.0
2942,134425.0
2943,124435.0
2944,119078.0
2945,133140.0
2946,135106.0
2947,135456.0
2948,134300.0
2949,133730.0
2950,124497.0
2951,119689.0
2952,132404.0
2953,135894.0
2954,136955.0
2955,137223.0
2956,138861.0
2957,130641.0
2958,123360.0
2959,139223.0
2960,142031.0
2961,143196.0
2962,144544.0
2963,144815.0
2964,133755.0
2965,129478.0
2966,145523.0
2967,148017.0
2968,148222.0
2969,148026.0
2970,145483.0
2971,133319.0
2972,130956.0
2973,145629.0
2974,147285.0
2975,148237.0
2976,148390.0
2977,147445.0
2978,138471.0
2979,132174.0
2980,149461.0
2981,152226.0
2982,151855.0
2983,153866.0
2984,153905.0
2985,142314.0
2986,137764.0
2987,152152.0
2988,154715.0
2989,156793.0
2990,158134.0
2991,159289.0
2992,148886.0
2993,142892.0
2994,159912.0
8571,11987.0
8572,12340.0
8573,12446.0
8574,12627.0
8575,12779.0
8576,12953.0
8577,13886.0
8578,14224.0
8579,14161.0
8580,14041.0
8581,12983.0
8582,12711.0
8583,13908.0
8584,14385.0
8585,14826.0
8586,14742.0
8587,14800.0
8588,14205.0
8589,13583.0
8590,13564.0
8591,13653.0
8592,13528.0
8593,13594.0
8594,14202.0
8595,13533.0
8596,13513.0
8597,13902.0
8598,13884.0
8599,14014.0
8600,13697.0
8601,13709.0
8602,13115.0
8603,12787.0
8604,13609.0
8605,13548.0
8606,13165.0
8607,13255.0
8608,13771.0
8609,13377.0
8610,12973.0
8611,14096.0
8612,14130.0
8613,14842.0
8614,14908.0
8615,14957.0
8616,14550.0
8617,14360.0
8618,14985.0
8619,15272.0
8620,15085.0
8621,14914.0
8622,14965.0
8623,14459.0
8624,13871.0
8625,14632.0
8626,14475.0
8627,14792.0
8628,14601.0
8629,14497.0
8630,14060.0
8631,12578.0
8632,12193.0
8633,12337.0
8634,14171.0
8635,13527.0
8636,13100.0
8637,12574.0
8638,12342.0
8639,12782.0
8640,12433.0
8641,12087.0
8642,12030.0
8643,12105.0
8644,11798.0
8645,11593.0
8646,12104.0
8647,12366.0
8648,12198.0
8649,12180.0
8650,12091.0
8651,11316.0
8652,10770.0
8653,11998.0
8654,12111.0
8655,11674.0
8656,11493.0
8657,11480.0
8658,11255.0
8659,10989.0
8660,11197.0
8661,11115.0
8662,10962.0
8663,10756.0
8664,10559.0
8665,10336.0
8666,10262.0
8667,11033.0
8668,11063.0
8669,11337.0
8670,10973.0
8671,10784.0
8672,10276.0
8673,10204.0
8674,10598.0
8675,10215.0
8676,10461.0
8677,10373.0
8678,10589.0
8679,10230.0
8680,10161.0
8681,10166.0
8682,9967.0
8683,9674.0
8684,9536.0
8685,9665.0
8686,8901.0
8687,8735.0
8688,8880.0
8689,9433.0
8690,9348.0
8691,9320.0
8692,8966.0
8693,9002.0
8694,8806.0
8695,8862.0
8696,9411.0
8697,9432.0
8698,9445.0
8699,9360.0
8700,9065.0
8701,9006.0
8702,9399.0
8703,9453.0
8704,9476.0
8705,9314.0
8706,9242.0
8707,8985.0
8708,8884.0
8709,9054.0
8710,8684.0
8711,9373.0
8712,9154.0
8713,9188.0
8714,8663.0
8715,8587.0
8716,9294.0
8717,9551.0
8718,9818.0
8719,9491.0
8720,9714.0
8721,9664.0
8722,9268.0
8723,9655.0
8724,9840.0
8725,9893.0
8726,9782.0
8727,9907.0
8728,9536.0
8729,9449.0
8730,9668.0
8731,10098.0
8732,10295.0
8733,9935.0
8734,10050.0
8735,9619.0
8736,9457.0
8737,9911.0
8738,10425.0
8739,9849.0
8740,9416.0
8741,9360.0
8742,8977.0
8743,9072.0
8744,9839.0
8745,10768.0
8746,10838.0
8747,11001.0
8748,10767.0
8749,10684.0
8750,10598.0
8751,11271.0
8752,11204.0
8753,11670.0
8754,11843.0
8755,11791.0
8756,11721.0
8757,11413.0
8758,11618.0
8759,10905.0
8760,10571.0
8761,10783.0
8762,11113.0
8763,10824.0
8764,10642.0
8765,11215.0
8766,11420.0
8767,11685.0
8768,11971.0
8769,11770.0
8770,10801.0
8771,10732.0
8772,11642.0
8773,11646.0
8774,12183.0
8775,12355.0
8776,12846.0
8777,12107.0
8778,11859.0
8779,13347.0
8780,12522.0
8781,12075.0
8782,11638.0
8783,10869.0
8784,9561.0
8785,9870.0
8786,9891.0
8787,10823.0
8788,10958.0
8789,11260.0
8790,11528.0
8791,11056.0
8792,11303.0
8793,12342.0
8794,12779.0
8795,12311.0
8796,12028.0
8797,11839.0
8798,10486.0
8799,10422.0
8800,11079.0
8801,10287.0
8802,9596.0
8803,9451.0
8804,9265.0
8805,8829.0
8806,8727.0
8807,9830.0
8808,10296.0
8809,10601.0
8810,10593.0
8811,10657.0
8812,9808.0
8813,9424.0
8814,9854.0
8815,9122.0
8816,8765.0
8817,8941.0
8818,9359.0
8819,8082.0
8820,8126.0
8821,8850.0
8822,9032.0
8823,9334.0
8824,9160.0
8825,9250.0
8826,8649.0
8827,8569.0
8828,8937.0
8829,9284.0
8830,9307.0
8831,9263.0
8832,9348.0
8833,9071.0
8834,8716.0
8835,9359.0
8836,9717.0
8837,9748.0
8838,9003.0
8839,9058.0
8840,9045.0
8841,9031.0
8842,10027.0
8843,10105.0
8844,9916.0
8845,10087.0
8846,10239.0
8847,9821.0
8848,9220.0
8849,9505.0
8850,9386.0
8851,8928.0
8852,9174.0
8853,9142.0
8854,9146.0
8855,9011.0
8856,10036.0
8857,10330.0
8858,9754.0
8859,10194.0
8860,10519.0
8861,10305.0
8862,10234.0
8863,10636.0
8864,10909.0
8865,11286.0
8866,11491.0
8867,11364.0
8868,11034.0
8869,10896.0
8870,11405.0
10530,16384.0
10531,16182.0
10532,16141.0
10533,16196.0
10534,16205.0
10535,16195.0
10536,16185.0
10537,18022.0
10538,18430.0
10539,17991.0
10540,17837.0
10541,17852.0
10542,17899.0
10543,17731.0
10544,17889.0
10545,18428.0
10546,18866.0
10547,18987.0
10548,18713.0
10549,18553.0
10550,18877.0
10551,18422.0
10552,18365.0
10553,18548.0
10554,18402.0
10555,18415.0
10556,18353.0
10557,18250.0
10558,18222.0
10559,18052.0
10560,18508.0
10561,18456.0
10562,18609.0
10563,18038.0
10564,17715.0
10565,16902.0
10566,18198.0
10567,17750.0
10568,17645.0
10569,17815.0
10570,17812.0
10571,17676.0
10572,18718.0
10573,18965.0
10574,19426.0
10575,19011.0
10576,19015.0
10577,19005.0
10578,19094.0
10579,19360.0
10580,18948.0
10581,18926.0
10582,18989.0
10583,18979.0
10584,18880.0
10585,17909.0
10586,18759.0
10587,18597.0
10588,18650.0
10589,18627.0
10590,18356.0
10591,18347.0
10592,18394.0
10593,18465.0
10594,17807.0
10595,18385.0
10596,18329.0
10597,18314.0
10598,18345.0
10599,17407.0
10600,16633.0
10601,16068.0
10602,15437.0
10603,15456.0
10604,15480.0
10605,15459.0
10606,15328.0
10607,15929.0
10608,15716.0
10609,16485.0
10610,16011.0
10611,15106.0
10612,15668.0
10613,13862.0
10614,15150.0
10615,14447.0
10616,14145.0
10617,14319.0
10618,14321.0
10619,14300.0
10620,14663.0
10621,13960.0
10622,13954.0
10623,14212.0
10624,14025.0
10625,14041.0
10626,14005.0
10627,13788.0
10628,14264.0
10629,15105.0
10630,14891.0
10631,14407.0
10632,14495.0
10633,14608.0
10634,14570.0
10635,14164.0
10636,13767.0
10637,13965.0
10638,13990.0
10639,13979.0
10640,13960.0
10641,14063.0
10642,13989.0
10643,13667.0
10644,13672.0
10645,12899.0
10646,12185.0
10647,12197.0
10648,12187.0
10649,12025.0
10650,11537.0
10651,11120.0
10652,10950.0
10653,10963.0
10654,10963.0
10655,11061.0
10656,10965.0
10657,11014.0
10658,10888.0
10659,10678.0
10660,10665.0
10661,10634.0
10662,10980.0
10663,10966.0
10664,11402.0
10665,11035.0
10666,10863.0
10667,10758.0
10668,10736.0
10669,10791.0
10670,10749.0
10671,10515.0
10672,10601.0
10673,10506.0
10674,10446.0
10675,10465.0
10676,10632.0
10677,9761.0
10678,9742.0
10679,9733.0
10680,9640.0
10681,9636.0
10682,9734.0
10683,9789.0
10684,9906.0
10685,9956.0
10686,10085.0
10687,9978.0
10688,10029.0
10689,10019.0
10690,9994.0
10691,10033.0
10692,10073.0
10693,9948.0
10694,9888.0
10695,9914.0
10696,9989.0
10697,9920.0
10698,10238.0
10699,9984.0
10700,10016.0
10701,9918.0
10702,9941.0
10703,10006.0
10704,9992.0
10705,10112.0
10706,9744.0
10707,10223.0
10708,10146.0
10709,10141.0
10710,10298.0
10711,10007.0
10712,10421.0
10713,10317.0
10714,10443.0
10715,10493.0
10716,10465.0
10717,10521.0
10718,10879.0
10719,10639.0
10720,10317.0
10721,10178.0
10722,10134.0
10723,10125.0
10724,10277.0
10725,10290.0
10726,10544.0
10727,10574.0
10728,10781.0
10729,10709.0
10730,10712.0
10731,10788.0
10732,10470.0
10733,10455.0
10734,10816.0
10735,11046.0
10736,11068.0
10737,11033.0
10738,11157.0
10739,11143.0
10740,11414.0
10741,11419.0
10742,11472.0
10743,11294.0
10744,11298.0
10745,11334.0
10746,10083.0
10747,10040.0
10748,10054.0
10749,10110.0
10750,10126.0
10751,10120.0
10752,10067.0
10753,10350.0
10754,10712.0
10755,10344.0
10756,10822.0
10757,10201.0
10758,10202.0
10759,10672.0
10760,10189.0
10761,10294.0
10762,10286.0
10763,10250.0
10764,10323.0
10765,10312.0
10766,10226.0
10767,10206.0
10768,10182.0
10769,10312.0
10770,10058.0
10771,10373.0
10772,10365.0
10773,10418.0
10774,10511.0
10775,10465.0
10776,10557.0
10777,10605.0
10778,10514.0
10779,10531.0
10780,10568.0
10781,10385.0
10782,10602.0
10783,10606.0
10784,10649.0
10785,10470.0
10786,10486.0
10787,10508.0
10788,10598.0
10789,10730.0
10790,10718.0
10791,10708.0
10792,10786.0
10793,10784.0
10794,10808.0
10795,10730.0
10796,10871.0
10797,10379.0
10798,10433.0
10799,11389.0
10800,11280.0
10801,11216.0
10802,11904.0
10803,12435.0
10804,12778.0
10805,12638.0
10806,12404.0
10807,12411.0
10808,12521.0
10809,12359.0
10810,11615.0
10811,11435.0
10812,11486.0
10813,11236.0
10814,11223.0
10815,12010.0
10816,12410.0
10817,12864.0
10818,12903.0
10819,13047.0
10820,13687.0
10821,13567.0
10822,13767.0
10823,13698.0
10824,14033.0
10825,14457.0
10826,15419.0
10827,15623.0
10828,15651.0
10829,15863.0
12489,83663.0
12490,84820.0
12491,83944.0
12492,84784.0
12493,83930.0
12494,85071.0
12495,90627.0
12496,96052.0
12497,98017.0
12498,98128.0
12499,91909.0
12500,90863.0
12501,98643.0
12502,99249.0
12503,99321.0
12504,101639.0
12505,102023.0
12506,96127.0
12507,94330.0
12508,101156.0
12509,101871.0
12510,101089.0
12511,101723.0
12512,101356.0
12513,96753.0
12514,95043.0
12515,102626.0
12516,103164.0
12517,102510.0
12518,101532.0
12519,100158.0
12520,95623.0
12521,92412.0
12522,97997.0
12523,97978.0
12524,96761.0
12525,98007.0
12526,98125.0
12527,93392.0
12528,93001.0
12529,98380.0
12530,101535.0
12531,102260.0
12532,104018.0
12533,104175.0
12534,99825.0
12535,97084.0
12536,103332.0
12537,103462.0
12538,98891.0
12539,103797.0
12540,103408.0
12541,100152.0
12542,98068.0
12543,103929.0
12544,105342.0
12545,104387.0
12546,104283.0
12547,103219.0
12548,99359.0
12549,93775.0
12550,93288.0
12551,91485.0
12552,99904.0
12553,98887.0
12554,95937.0
12555,89516.0
12556,87197.0
12557,93116.0
12558,92280.0
12559,88588.0
12560,87220.0
12561,88086.0
12562,88729.0
12563,85476.0
12564,90715.0
12565,92252.0
12566,91471.0
12567,90618.0
12568,90337.0
12569,86200.0
12570,79043.0
12571,89083.0
12572,86677.0
12573,87305.0
12574,87752.0
12575,85387.0
12576,80685.0
12577,80030.0
12578,85176.0
12579,84840.0
12580,86034.0
12581,88057.0
12582,88186.0
12583,84106.0
12584,82223.0
12585,87461.0
12586,87378.0
12587,87821.0
12588,84949.0
12589,83660.0
12590,78995.0
12591,78987.0
12592,82471.0
12593,82131.0
12594,81423.0
12595,79057.0
12596,79806.0
12597,76721.0
12598,73886.0
12599,77707.0
12600,76470.0
12601,73761.0
12602,72341.0
12603,71256.0
12604,68284.0
12605,67126.0
12606,65593.0
12607,70900.0
12608,71318.0
12609,70086.0
12610,69452.0
12611,69914.0
12612,67305.0
12613,64847.0
12614,71171.0
12615,71462.0
12616,73217.0
12617,74020.0
12618,70373.0
12619,67193.0
12620,71998.0
12621,71224.0
12622,69940.0
12623,68232.0
12624,68125.0
12625,66198.0
12626,64724.0
12627,70135.0
12628,70496.0
12629,70557.0
12630,71190.0
12631,71966.0
12632,67611.0
12633,64520.0
12634,70751.0
12635,69984.0
12636,71095.0
12637,71547.0
12638,72602.0
12639,68118.0
12640,66764.0
12641,72909.0
12642,71997.0
12643,72381.0
12644,74326.0
12645,75492.0
12646,70585.0
12647,66658.0
12648,66440.0
12649,73644.0
12650,72882.0
12651,73159.0
12652,72415.0
12653,67546.0
12654,66371.0
12655,72625.0
12656,73102.0
12657,75176.0
12658,74710.0
12659,73277.0
12660,70659.0
12661,67584.0
12662,73097.0
12663,73977.0
12664,72403.0
12665,73018.0
12666,73829.0
12667,71684.0
12668,69489.0
12669,74467.0
12670,74039.0
12671,75897.0
12672,77112.0
12673,76847.0
12674,74899.0
12675,74487.0
12676,79251.0
12677,83181.0
12678,86579.0
12679,86533.0
12680,85896.0
12681,81953.0
12682,81005.0
12683,86526.0
12684,85925.0
12685,87807.0
12686,90611.0
12687,91956.0
12688,86916.0
12689,83174.0
12690,89775.0
12691,89122.0
12692,90233.0
12693,94503.0
12694,98470.0
12695,91120.0
12696,87324.0
12697,95408.0
12698,95148.0
12699,87752.0
12700,86463.0
12701,82780.0
12702,75243.0
12703,71318.0
12704,79101.0
12705,76869.0
12706,77325.0
12707,77640.0
12708,78640.0
12709,74885.0
12710,71805.0
12711,79653.0
12712,78955.0
12713,78402.0
12714,76492.0
12715,75258.0
12716,68120.0
12717,65547.0
12718,72465.0
12719,71633.0
12720,69113.0
12721,73337.0
12722,70981.0
12723,68105.0
12724,67225.0
12725,70989.0
12726,72857.0
12727,75529.0
12728,72887.0
12729,73168.0
12730,68098.0
12731,66124.0
12732,70719.0
12733,71090.0
12734,70232.0
12735,69551.0
12736,67757.0
12737,64140.0
12738,63248.0
12739,68836.0
12740,70236.0
12741,71475.0
12742,71356.0
12743,71594.0
12744,67907.0
12745,66535.0
12746,72349.0
12747,72723.0
12748,72200.0
12749,71265.0
12750,70464.0
12751,67904.0
12752,66381.0
12753,71262.0
12754,72498.0
12755,73028.0
12756,73418.0
12757,74010.0
12758,71358.0
12759,69507.0
12760,77542.0
12761,74392.0
12762,79048.0
12763,78697.0
12764,76914.0
12765,71400.0
12766,70962.0
12767,74864.0
12768,74663.0
12769,75593.0
12770,75293.0
12771,77134.0
12772,76506.0
12773,73854.0
12774,81572.0
12775,86293.0
12776,88220.0
12777,86787.0
12778,84232.0
12779,80128.0
12780,79169.0
12781,87280.0
12782,87770.0
12783,88629.0
12784,90797.0
12785,91060.0
12786,85882.0
12787,84030.0
12788,90277.0
14448,46960.0
14449,47278.0
14450,47266.0
14451,47582.0
14452,47367.0
14453,48369.0
14454,49662.0
14455,50238.0
14456,51398.0
14457,52318.0
14458,50240.0
14459,49684.0
14460,51953.0
14461,51839.0
14462,52388.0
14463,52804.0
14464,52113.0
14465,50377.0
14466,49578.0
14467,52028.0
14468,52180.0
14469,52524.0
14470,52250.0
14471,52141.0
14472,50530.0
14473,50007.0
14474,52227.0
14475,52479.0
14476,52286.0
14477,53001.0
14478,52724.0
14479,50655.0
14480,49796.0
14481,52343.0
14482,52306.0
14483,50555.0
14484,50972.0
14485,52366.0
14486,50291.0
14487,48685.0
14488,51542.0
14489,52197.0
14490,52638.0
14491,52590.0
14492,52878.0
14493,51179.0
14494,49751.0
14495,52400.0
14496,52607.0
14497,51252.0
14498,53382.0
14499,53208.0
14500,52059.0
14501,51817.0
14502,53461.0
14503,53562.0
14504,53173.0
14505,53201.0
14506,52791.0
14507,51752.0
14508,49531.0
14509,48786.0
14510,49109.0
14511,51093.0
14512,51417.0
14513,51625.0
14514,50175.0
14515,47956.0
14516,50605.0
14517,50581.0
14518,48880.0
14519,48155.0
14520,47691.0
14521,45856.0
14522,44554.0
14523,46679.0
14524,47286.0
14525,47440.0
14526,47810.0
14527,47441.0
14528,45049.0
14529,41840.0
14530,45968.0
14531,46056.0
14532,45399.0
14533,45750.0
14534,45035.0
14535,43280.0
14536,41679.0
14537,44032.0
14538,44232.0
14539,44676.0
14540,44583.0
14541,44025.0
14542,42212.0
14543,41886.0
14544,45363.0
14545,45617.0
14546,45296.0
14547,44611.0
14548,44231.0
14549,42147.0
14550,40811.0
14551,43211.0
14552,42936.0
14553,43324.0
14554,43712.0
14555,43104.0
14556,42158.0
14557,41686.0
14558,43430.0
14559,43912.0
14560,43156.0
14561,42178.0
14562,42506.0
14563,39848.0
14564,38131.0
14565,38573.0
14566,40114.0
14567,40140.0
14568,39416.0
14569,39443.0
14570,37506.0
14571,37163.0
14572,36991.0
14573,39190.0
14574,39327.0
14575,39935.0
14576,40318.0
14577,38865.0
14578,38298.0
14579,40344.0
14580,39839.0
14581,39023.0
14582,39177.0
14583,38840.0
14584,37388.0
14585,37519.0
14586,39421.0
14587,38875.0
14588,38896.0
14589,38871.0
14590,39063.0
14591,37538.0
14592,37022.0
14593,38885.0
14594,38754.0
14595,38499.0
14596,38028.0
14597,38170.0
14598,36772.0
14599,35891.0
14600,37816.0
14601,37775.0
14602,37864.0
14603,37708.0
14604,37743.0
14605,36301.0
14606,35903.0
14607,36154.0
14608,38403.0
14609,38457.0
14610,38576.0
14611,38438.0
14612,37190.0
14613,36071.0
14614,38147.0
14615,38160.0
14616,38633.0
14617,38753.0
14618,38685.0
14619,37378.0
14620,36377.0
14621,38463.0
14622,38330.0
14623,38461.0
14624,38409.0
14625,38190.0
14626,36997.0
14627,36470.0
14628,38264.0
14629,38405.0
14630,38524.0
14631,38457.0
14632,38964.0
14633,37676.0
14634,36564.0
14635,39005.0
14636,38995.0
14637,39363.0
14638,40398.0
14639,40545.0
14640,38756.0
14641,38355.0
14642,39875.0
14643,39826.0
14644,39589.0
14645,39745.0
14646,40332.0
14647,38820.0
14648,38937.0
14649,40671.0
14650,40570.0
14651,40559.0
14652,40654.0
14653,41495.0
14654,40088.0
14655,39779.0
14656,41664.0
14657,41939.0
14658,42688.0
14659,42937.0
14660,40773.0
14661,39786.0
14662,38567.0
14663,40088.0
14664,39859.0
14665,39497.0
14666,40025.0
14667,38739.0
14668,37483.0
14669,36926.0
14670,38634.0
14671,38899.0
14672,38883.0
14673,38976.0
14674,39037.0
14675,38167.0
14676,37414.0
14677,39083.0
14678,38839.0
14679,39074.0
14680,38530.0
14681,37968.0
14682,36714.0
14683,36112.0
14684,38021.0
14685,38129.0
14686,38294.0
14687,38244.0
14688,38030.0
14689,36809.0
14690,35707.0
14691,37976.0
14692,38103.0
14693,38203.0
14694,38303.0
14695,38223.0
14696,36862.0
14697,36235.0
14698,37993.0
14699,38234.0
14700,38340.0
14701,38482.0
14702,38422.0
14703,36326.0
14704,35611.0
14705,37482.0
14706,37619.0
14707,37711.0
14708,37809.0
14709,38017.0
14710,36639.0
14711,35877.0
14712,38047.0
14713,38225.0
14714,38690.0
14715,38863.0
14716,38991.0
14717,38623.0
14718,38488.0
14719,41010.0
14720,41660.0
14721,42894.0
14722,43502.0
14723,44410.0
14724,42657.0
14725,41625.0
14726,43033.0
14727,43485.0
14728,41488.0
14729,42135.0
14730,41749.0
14731,40962.0
14732,40767.0
14733,43440.0
14734,44038.0
14735,45238.0
14736,45841.0
14737,46245.0
14738,45360.0
14739,44494.0
14740,46584.0
14741,46698.0
14742,46682.0
14743,47156.0
14744,47193.0
14745,45635.0
14746,44741.0
14747,47148.0
4653,271746.0
4654,271551.0
4655,273010.0
4656,270545.0
4657,269061.0
4658,269543.0
4659,293246.0
4660,295278.0
4661,298459.0
4662,301804.0
4663,294371.0
4664,289025.0
4665,306697.0
4666,307246.0
4667,319159.0
4668,324604.0
4669,327855.0
4670,301995.0
4671,289806.0
4672,327931.0
4673,322843.0
4674,320233.0
4675,321852.0
4676,323704.0
4677,303057.0
4678,286365.0
4679,321678.0
4680,319947.0
4681,311797.0
4682,310274.0
4683,303708.0
4684,284728.0
4685,279783.0
4686,304723.0
4687,313100.0
4688,308733.0
4689,313700.0
4690,318912.0
4691,298415.0
4692,287105.0
4693,322036.0
4694,324921.0
4695,325759.0
4696,336667.0
4697,341324.0
4698,316715.0
4699,304004.0
4700,341823.0
4701,337292.0
4702,302754.0
4703,334296.0
4704,330852.0
4705,318344.0
4706,302832.0
4707,335814.0
4708,335804.0
4709,324681.0
4710,334834.0
4711,309335.0
4712,302486.0
4713,282160.0
4714,282874.0
4715,282900.0
4716,297567.0
4717,288872.0
4718,284973.0
4719,267538.0
4720,260135.0
4721,282769.0
4722,281204.0
4723,278325.0
4724,287414.0
4725,284660.0
4726,269068.0
4727,256359.0
4728,277436.0
4729,279978.0
4730,278643.0
4731,277787.0
4732,282911.0
4733,270075.0
4734,244764.0
4735,279887.0
4736,279561.0
4737,278068.0
4738,276050.0
4739,277623.0
4740,244094.0
4741,228095.0
4742,264057.0
4743,257565.0
4744,252102.0
4745,259651.0
4746,263651.0
4747,256691.0
4748,240528.0
4749,267552.0
4750,271550.0
4751,275295.0
4752,275752.0
4753,272424.0
4754,241020.0
4755,237323.0
4756,262145.0
4757,259081.0
4758,257507.0
4759,256396.0
4760,254565.0
4761,231638.0
4762,221176.0
4763,246114.0
4764,230819.0
4765,227449.0
4766,227533.0
4767,224265.0
4768,205419.0
4769,194757.0
4770,197575.0
4771,218130.0
4772,218273.0
4773,210584.0
4774,204315.0
4775,183592.0
4776,182693.0
4777,182412.0
4778,208914.0
4779,210655.0
4780,210078.0
4781,210025.0
4782,190883.0
4783,180530.0
4784,210416.0
4785,216429.0
4786,218756.0
4787,221436.0
4788,216094.0
4789,189561.0
4790,180545.0
4791,209812.0
4792,209017.0
4793,210714.0
4794,211293.0
4795,209001.0
4796,188858.0
4797,179995.0
4798,207719.0
4799,208694.0
4800,212312.0
4801,213965.0
4802,210422.0
4803,186842.0
4804,180049.0
4805,210500.0
4806,209362.0
4807,214699.0
4808,215614.0
4809,212593.0
4810,193853.0
4811,188880.0
4812,192352.0
4813,213002.0
4814,212600.0
4815,211955.0
4816,208709.0
4817,191170.0
4818,185271.0
4819,212028.0
4820,212515.0
4821,212992.0
4822,212708.0
4823,211209.0
4824,197630.0
4825,193167.0
4826,213391.0
4827,217061.0
4828,223179.0
4829,226416.0
4830,226179.0
4831,201180.0
4832,198636.0
4833,225890.0
4834,224595.0
4835,227135.0
4836,222471.0
4837,218968.0
4838,197673.0
4839,193194.0
4840,220222.0
4841,223068.0
4842,221812.0
4843,223999.0
4844,222896.0
4845,195856.0
4846,192915.0
4847,218327.0
4848,222322.0
4849,222257.0
4850,224531.0
4851,223186.0
4852,204003.0
4853,194350.0
4854,222531.0
4855,225784.0
4856,227252.0
4857,233963.0
4858,235474.0
4859,199302.0
4860,196329.0
4861,223973.0
4862,220620.0
4863,220848.0
4864,214384.0
4865,208737.0
4866,198841.0
4867,192517.0
4868,211513.0
4869,211674.0
4870,214059.0
4871,217171.0
4872,215433.0
4873,193704.0
4874,190325.0
4875,215748.0
4876,219637.0
4877,225821.0
4878,229495.0
4879,220246.0
4880,196001.0
4881,192413.0
4882,215586.0
4883,213692.0
4884,213631.0
4885,215047.0
4886,212028.0
4887,193879.0
4888,186542.0
4889,213850.0
4890,216125.0
4891,220269.0
4892,224072.0
4893,221814.0
4894,204014.0
4895,197727.0
4896,219843.0
4897,225396.0
4898,223447.0
4899,223020.0
4900,223115.0
4901,203597.0
4902,202997.0
4903,227806.0
4904,228737.0
4905,233374.0
4906,235295.0
4907,231539.0
4908,207863.0
4909,203776.0
4910,229070.0
4911,235427.0
4912,238343.0
4913,237495.0
4914,238245.0
4915,218740.0
4916,211411.0
4917,241146.0
4918,247345.0
4919,251550.0
4920,253801.0
4921,255742.0
4922,233124.0
4923,229282.0
4924,264728.0
4925,268207.0
4926,272754.0
4927,273187.0
4928,266061.0
4929,234328.0
4930,237217.0
4931,264703.0
4932,262458.0
4933,268564.0
4934,270589.0
4935,269199.0
4936,263783.0
4937,263875.0
4938,270679.0
4939,271596.0
4940,276529.0
4941,283700.0
4942,280951.0
4943,284912.0
4944,252453.0
4945,276338.0
4946,274988.0
4947,277644.0
4948,284624.0
4949,280299.0
4950,256992.0
4951,249039.0
4952,280119.0
6612,399096.0
6613,400250.0
6614,388977.0
6615,391608.0
6616,392030.0
6617,398040.0
6618,419737.0
6619,427706.0
6620,421561.0
6621,417739.0
6622,401051.0
6623,396446.0
6624,424107.0
6625,426850.0
6626,430045.0
6627,429827.0
6628,431557.0
6629,407885.0
6630,401719.0
6631,431139.0
6632,432844.0
6633,434579.0
6634,433677.0
6635,434903.0
6636,407507.0
6637,397957.0
6638,428465.0
6639,432248.0
6640,427415.0
6641,422936.0
6642,422589.0
6643,400691.0
6644,393149.0
6645,420576.0
6646,421088.0
6647,420919.0
6648,426964.0
6649,429477.0
6650,406201.0
6651,401221.0
6652,429152.0
6653,434038.0
6654,435797.0
6655,438894.0
6656,442955.0
6657,421183.0
6658,416729.0
6659,445437.0
6660,441882.0
6661,418459.0
6662,442238.0
6663,441880.0
6664,418638.0
6665,410947.0
6666,436925.0
6667,438867.0
6668,434467.0
6669,431541.0
6670,427412.0
6671,422360.0
6672,401172.0
6673,394964.0
6674,394457.0
6675,422529.0
6676,417175.0
6677,412060.0
6678,389347.0
6679,383083.0
6680,406215.0
6681,402781.0
6682,399899.0
6683,402098.0
6684,401491.0
6685,383899.0
6686,376044.0
6687,397802.0
6688,399678.0
6689,398599.0
6690,398529.0
6691,399268.0
6692,382516.0
6693,357219.0
6694,394481.0
6695,392974.0
6696,394203.0
6697,395456.0
6698,391814.0
6699,365795.0
6700,354732.0
6701,379878.0
6702,377069.0
6703,373881.0
6704,375509.0
6705,377910.0
6706,357375.0
6707,349154.0
6708,375516.0
6709,376008.0
6710,375637.0
6711,375068.0
6712,374889.0
6713,357634.0
6714,352242.0
6715,375583.0
6716,374135.0
6717,371189.0
6718,369192.0
6719,368121.0
6720,345421.0
6721,334550.0
6722,361935.0
6723,353240.0
6724,344699.0
6725,339128.0
6726,332324.0
6727,310593.0
6728,300908.0
6729,301947.0
6730,321714.0
6731,321205.0
6732,320709.0
6733,317893.0
6734,300823.0
6735,292081.0
6736,293332.0
6737,318853.0
6738,317185.0
6739,322912.0
6740,320451.0
6741,303233.0
6742,296630.0
6743,319982.0
6744,321222.0
6745,323197.0
6746,323091.0
6747,321505.0
6748,300696.0
6749,294346.0
6750,319178.0
6751,317390.0
6752,318805.0
6753,322517.0
6754,319899.0
6755,297685.0
6756,288721.0
6757,314721.0
6758,315844.0
6759,317017.0
6760,318514.0
6761,317288.0
6762,299735.0
6763,295023.0
6764,318264.0
6765,319776.0
6766,319945.0
6767,321255.0
6768,319491.0
6769,297114.0
6770,289600.0
6771,292424.0
6772,315389.0
6773,318712.0
6774,317111.0
6775,319026.0
6776,296538.0
6777,290820.0
6778,320069.0
6779,321775.0
6780,322588.0
6781,320124.0
6782,319781.0
6783,299897.0
6784,294664.0
6785,319505.0
6786,320435.0
6787,317949.0
6788,315126.0
6789,317872.0
6790,301430.0
6791,295878.0
6792,318687.0
6793,319043.0
6794,321125.0
6795,320134.0
6796,321178.0
6797,299504.0
6798,295739.0
6799,318501.0
6800,319992.0
6801,322311.0
6802,322554.0
6803,321806.0
6804,302697.0
6805,295612.0
6806,321461.0
6807,323914.0
6808,324324.0
6809,326228.0
6810,323946.0
6811,301456.0
6812,296645.0
6813,318911.0
6814,323430.0
6815,324122.0
6816,324419.0
6817,320596.0
6818,302084.0
6819,297295.0
6820,320975.0
6821,321426.0
6822,321662.0
6823,319903.0
6824,316576.0
6825,296529.0
6826,298674.0
6827,323092.0
6828,321428.0
6829,324201.0
6830,322445.0
6831,322495.0
6832,304178.0
6833,297909.0
6834,324024.0
6835,324109.0
6836,324176.0
6837,323115.0
6838,321584.0
6839,301273.0
6840,295959.0
6841,323354.0
6842,326782.0
6843,325981.0
6844,323832.0
6845,322592.0
6846,302684.0
6847,298982.0
6848,321657.0
6849,325371.0
6850,326978.0
6851,320989.0
6852,323176.0
6853,301536.0
6854,296918.0
6855,321837.0
6856,320447.0
6857,323638.0
6858,323494.0
6859,323078.0
6860,303644.0
6861,296086.0
6862,325812.0
6863,328966.0
6864,330840.0
6865,334658.0
6866,334301.0
6867,316211.0
6868,311105.0
6869,337496.0
6870,339279.0
6871,341931.0
6872,343959.0
6873,342803.0
6874,323651.0
6875,316021.0
6876,344403.0
6877,346863.0
6878,350740.0
6879,352827.0
6880,351966.0
6881,335263.0
6882,326341.0
6883,356849.0
6884,360073.0
6885,363325.0
6886,362618.0
6887,360614.0
6888,334747.0
6889,334836.0
6890,366767.0
6891,366353.0
6892,370937.0
6893,372028.0
6894,373318.0
6895,351883.0
6896,349137.0
6897,382715.0
6898,382708.0
6899,382969.0
6900,384155.0
6901,381720.0
6902,362611.0
6903,356133.0
6904,388449.0
6905,392136.0
6906,395331.0
6907,394910.0
6908,395231.0
6909,371402.0
6910,365215.0
6911,393523.0
17301,85153.0
17302,79404.0
17303,76487.0
17304,84868.0
17305,84485.0
17306,84759.0
17307,84414.0
17308,84824.0
17309,79938.0
17310,78328.0
17311,85428.0
17312,84000.0
17313,75762.0
17314,83078.0
17315,81851.0
17316,76712.0
17317,75786.0
17318,81199.0
17319,81514.0
17320,82434.0
17321,82519.0
17322,83397.0
17323,77427.0
17324,75929.0
17325,81893.0
17326,83550.0
17327,85644.0
17328,85145.0
17329,86148.0
17330,78661.0
17331,77574.0
17332,83659.0
17333,82902.0
17334,84111.0
17335,84066.0
17336,84368.0
17337,77182.0
17338,74887.0
17339,82402.0
17340,81829.0
17341,83806.0
17342,84094.0
17343,84006.0
17344,77729.0
17345,76144.0
17346,84298.0
17347,84400.0
17348,84216.0
17349,84786.0
17350,84320.0
17351,78636.0
17352,77326.0
17353,85047.0
17354,85481.0
17355,85081.0
17356,84642.0
17357,84851.0
17358,78881.0
17359,77432.0
17360,85177.0
17361,85082.0
17362,85611.0
17363,85438.0
17364,85126.0
17365,78209.0
17366,76118.0
17367,84293.0
17368,83588.0
17369,83008.0
17370,83249.0
17371,84333.0
17372,77538.0
17373,76619.0
17374,85233.0
17375,84966.0
17376,85402.0
17377,84962.0
17378,85163.0
17379,79139.0
17380,78439.0
17381,85819.0
17382,86209.0
17383,85152.0
17384,85986.0
17385,86499.0
17386,79474.0
17387,77929.0
17388,85623.0
17389,85825.0
17390,87372.0
17391,88924.0
17392,88628.0
17393,81698.0
17394,80060.0
17395,86567.0
17396,86898.0
17397,87249.0
17398,87391.0
17399,87550.0
17400,82012.0
17401,80379.0
17402,88345.0
17403,88258.0
17404,86989.0
17405,87613.0
17406,88904.0
17407,82361.0
17408,80585.0
17409,89153.0
17410,89803.0
17411,89312.0
17412,90548.0
17413,90919.0
17414,84173.0
17415,82931.0
17416,91892.0
17417,92712.0
17418,93153.0
17419,94333.0
17420,95588.0
17421,90066.0
17422,87859.0
17423,97442.0
17424,98038.0
17425,98721.0
17426,99315.0
17427,100144.0
17428,95549.0
17429,92997.0
17430,100821.0
17431,100764.0
17432,101925.0
17433,102008.0
17434,102181.0
17435,95560.0
17436,94205.0
17437,102736.0
17438,102583.0
17439,103640.0
17440,103643.0
17441,103390.0
17442,97868.0
17443,95656.0
17444,103050.0
17445,102566.0
17446,101436.0
17447,102442.0
17448,103588.0
17449,97072.0
17450,94805.0
17451,103807.0
17452,103862.0
17453,103536.0
17454,103394.0
17455,101478.0
17456,94982.0
17457,92284.0
17458,91519.0
17459,99234.0
17460,98996.0
17461,99238.0
17462,99602.0
17463,94015.0
17464,92602.0
17465,99944.0
17466,99554.0
17467,100457.0
17468,101064.0
17469,101112.0
17470,95848.0
17471,94726.0
17472,103067.0
17473,104077.0
17474,105176.0
17475,104496.0
17476,104235.0
17477,97911.0
17478,96356.0
17479,104978.0
17480,105596.0
17481,104687.0
17482,104973.0
17483,105782.0
17484,99927.0
17485,98208.0
17486,106898.0
17487,107230.0
17488,107033.0
17489,106507.0
17490,106321.0
17491,100557.0
17492,99170.0
17493,109097.0
17494,109612.0
17495,109924.0
17496,109972.0
17497,110645.0
17498,104114.0
17499,102069.0
17500,112461.0
17501,113973.0
17502,111985.0
17503,113141.0
17504,114863.0
17505,107326.0
17506,103086.0
17507,111217.0
17508,110641.0
17509,110020.0
17510,109714.0
17511,108359.0
17512,101324.0
17513,98827.0
17514,104344.0
17515,99580.0
17516,91020.0
17517,94515.0
17518,99690.0
17519,99890.0
17520,99088.0
17521,98169.0
17522,97976.0
17523,99355.0
17524,108240.0
17525,106443.0
17526,98749.0
17527,97266.0
17528,105519.0
17529,106164.0
17530,108192.0
17531,108918.0
17532,109392.0
17533,104553.0
17534,103745.0
17535,112679.0
17536,113745.0
17537,112450.0
17538,112619.0
17539,113137.0
17540,107062.0
17541,106820.0
17542,116018.0
17543,117756.0
17544,118584.0
17545,119929.0
17546,120233.0
17547,111419.0
17548,109523.0
17549,117763.0
17550,115717.0
17551,115010.0
17552,115926.0
17553,115937.0
17554,109329.0
17555,106291.0
17556,114200.0
17557,114625.0
17558,114266.0
17559,113115.0
17560,112829.0
17561,102868.0
17562,100541.0
17563,110067.0
17564,108612.0
17565,107845.0
17566,107407.0
17567,110128.0
17568,104303.0
17569,103386.0
17570,109998.0
17571,107728.0
17572,106670.0
17573,107614.0
17574,104343.0
17575,98225.0
17576,97793.0
17577,107226.0
17578,106517.0
17579,106228.0
17580,104129.0
17581,102903.0
17582,93951.0
17583,93312.0
17584,94125.0
17585,102481.0
17586,102455.0
17587,101939.0
17588,100005.0
17589,93779.0
17590,90311.0
17591,98865.0
17592,99419.0
17593,100940.0
17594,101152.0
17595,102210.0
17596,95105.0
17597,92917.0
17598,100367.0
17599,99120.0
17600,98747.0
19260,333397.0
19261,322368.0
19262,319494.0
19263,332356.0
19264,330904.0
19265,334184.0
19266,333630.0
19267,330254.0
19268,326642.0
19269,322520.0
19270,332278.0
19271,331532.0
19272,320322.0
19273,330811.0
19274,332236.0
19275,321134.0
19276,321174.0
19277,329016.0
19278,332189.0
19279,333283.0
19280,330770.0
19281,329944.0
19282,318415.0
19283,316828.0
19284,332214.0
19285,333624.0
19286,333562.0
19287,329668.0
19288,328731.0
19289,321128.0
19290,318383.0
19291,327821.0
19292,325800.0
19293,326283.0
19294,326707.0
19295,328620.0
19296,319479.0
19297,318104.0
19298,328499.0
19299,326118.0
19300,325876.0
19301,325809.0
19302,327809.0
19303,318746.0
19304,307816.0
19305,330227.0
19306,329508.0
19307,325102.0
19308,325005.0
19309,327349.0
19310,318617.0
19311,313551.0
19312,326554.0
19313,323616.0
19314,325403.0
19315,326623.0
19316,325439.0
19317,317809.0
19318,314064.0
19319,329920.0
19320,327903.0
19321,324770.0
19322,321946.0
19323,323976.0
19324,313723.0
19325,314613.0
19326,324865.0
19327,324548.0
19328,325622.0
19329,323459.0
19330,326927.0
19331,316974.0
19332,313413.0
19333,327281.0
19334,327565.0
19335,328152.0
19336,326953.0
19337,330926.0
19338,321772.0
19339,319550.0
19340,330186.0
19341,332871.0
19342,333579.0
19343,331199.0
19344,328654.0
19345,320094.0
19346,315432.0
19347,331143.0
19348,335420.0
19349,332914.0
19350,334334.0
19351,335313.0
19352,322295.0
19353,318915.0
19354,334761.0
19355,337653.0
19356,334534.0
19357,331907.0
19358,336694.0
19359,327665.0
19360,323552.0
19361,336574.0
19362,336256.0
19363,339705.0
19364,340847.0
19365,343513.0
19366,327207.0
19367,323074.0
19368,341371.0
19369,343296.0
19370,345624.0
19371,346873.0
19372,350389.0
19373,342901.0
19374,336748.0
19375,351210.0
19376,351531.0
19377,349765.0
19378,351774.0
19379,356246.0
19380,350578.0
19381,349439.0
19382,361702.0
19383,362320.0
19384,369783.0
19385,367839.0
19386,373615.0
19387,365455.0
19388,364165.0
19389,378142.0
19390,379184.0
19391,378925.0
19392,379433.0
19393,375941.0
19394,366687.0
19395,365957.0
19396,381931.0
19397,378054.0
19398,381266.0
19399,378809.0
19400,383845.0
19401,369672.0
19402,363752.0
19403,380138.0
19404,382421.0
19405,382738.0
19406,382143.0
19407,383983.0
19408,371271.0
19409,366283.0
19410,383893.0
19411,380751.0
19412,379425.0
19413,379225.0
19414,377422.0
19415,368765.0
19416,363365.0
19417,363385.0
19418,375109.0
19419,375433.0
19420,374519.0
19421,377484.0
19422,364787.0
19423,365275.0
19424,381144.0
19425,379417.0
19426,381073.0
19427,384281.0
19428,382810.0
19429,373627.0
19430,370122.0
19431,384148.0
19432,390846.0
19433,394382.0
19434,391512.0
19435,391555.0
19436,377431.0
19437,375285.0
19438,391682.0
19439,394310.0
19440,394478.0
19441,395200.0
19442,392503.0
19443,382125.0
19444,381208.0
19445,400085.0
19446,394007.0
19447,399191.0
19448,402102.0
19449,401055.0
19450,389498.0
19451,388890.0
19452,407225.0
19453,406280.0
19454,408177.0
19455,409457.0
19456,409557.0
19457,397024.0
19458,398191.0
19459,414879.0
19460,416929.0
19461,420183.0
19462,415961.0
19463,424024.0
19464,412729.0
19465,407712.0
19466,428725.0
19467,429378.0
19468,418117.0
19469,415500.0
19470,418533.0
19471,405016.0
19472,398651.0
19473,408295.0
19474,391300.0
19475,388150.0
19476,397834.0
19477,409032.0
19478,419319.0
19479,416777.0
19480,422731.0
19481,419868.0
19482,425016.0
19483,443299.0
19484,442143.0
19485,419754.0
19486,417953.0
19487,434848.0
19488,428249.0
19489,430187.0
19490,432807.0
19491,436046.0
19492,426264.0
19493,425492.0
19494,446443.0
19495,457096.0
19496,457174.0
19497,455657.0
19498,457360.0
19499,445222.0
19500,441712.0
19501,461904.0
19502,464377.0
19503,470525.0
19504,475794.0
19505,480811.0
19506,463430.0
19507,457071.0
19508,472068.0
19509,468124.0
19510,469718.0
19511,466758.0
19512,462557.0
19513,453150.0
19514,454237.0
19515,468096.0
19516,467914.0
19517,461043.0
19518,460835.0
19519,461360.0
19520,444977.0
19521,439322.0
19522,453487.0
19523,445198.0
19524,440479.0
19525,441444.0
19526,451997.0
19527,444175.0
19528,441558.0
19529,460459.0
19530,455495.0
19531,452810.0
19532,446333.0
19533,443171.0
19534,426436.0
19535,423305.0
19536,441772.0
19537,440104.0
19538,436350.0
19539,433523.0
19540,433916.0
19541,412328.0
19542,411105.0
19543,411991.0
19544,430298.0
19545,429119.0
19546,424277.0
19547,425466.0
19548,402535.0
19549,400358.0
19550,417696.0
19551,418148.0
19552,421134.0
19553,418727.0
19554,421883.0
19555,412041.0
19556,409230.0
19557,421084.0
19558,415033.0
19559,409983.0
21219,205942.0
21220,209718.0
21221,210717.0
21222,211262.0
21223,209607.0
21224,204844.0
21225,205266.0
21226,207158.0
21227,204702.0
21228,205420.0
21229,207054.0
21230,205137.0
21231,204617.0
21232,205251.0
21233,200456.0
21234,197465.0
21235,196766.0
21236,199680.0
21237,198817.0
21238,192405.0
21239,192860.0
21240,193106.0
21241,193685.0
21242,195362.0
21243,196325.0
21244,195103.0
21245,196117.0
21246,196160.0
21247,198000.0
21248,197480.0
21249,197485.0
21250,195411.0
21251,192717.0
21252,193717.0
21253,192524.0
21254,193981.0
21255,193006.0
21256,192443.0
21257,193975.0
21258,190918.0
21259,188852.0
21260,189892.0
21261,190027.0
21262,189124.0
21263,189853.0
21264,192969.0
21265,191167.0
21266,189278.0
21267,189477.0
21268,190638.0
21269,192016.0
21270,192076.0
21271,194713.0
21272,195011.0
21273,193442.0
21274,194300.0
21275,194619.0
21276,194703.0
21277,194907.0
21278,195431.0
21279,196603.0
21280,195231.0
21281,194504.0
21282,196792.0
21283,195884.0
21284,196571.0
21285,198056.0
21286,194509.0
21287,192068.0
21288,194718.0
21289,196224.0
21290,197895.0
21291,198496.0
21292,200907.0
21293,197660.0
21294,197932.0
21295,197838.0
21296,199910.0
21297,198034.0
21298,197703.0
21299,200330.0
21300,197905.0
21301,198024.0
21302,198244.0
21303,198510.0
21304,200475.0
21305,200168.0
21306,202439.0
21307,199770.0
21308,199501.0
21309,200168.0
21310,201859.0
21311,201638.0
21312,205271.0
21313,205729.0
21314,205450.0
21315,206443.0
21316,206351.0
21317,206890.0
21318,205420.0
21319,204350.0
21320,206634.0
21321,206010.0
21322,205328.0
21323,209190.0
21324,209600.0
21325,210075.0
21326,210857.0
21327,212707.0
21328,212354.0
21329,215123.0
21330,214688.0
21331,215662.0
21332,212821.0
21333,213710.0
21334,216275.0
21335,215629.0
21336,217349.0
21337,218948.0
21338,218957.0
21339,217889.0
21340,218070.0
21341,220392.0
21342,221042.0
21343,220904.0
21344,220101.0
21345,220700.0
21346,219352.0
21347,219167.0
21348,223477.0
21349,221748.0
21350,220568.0
21351,220247.0
21352,219946.0
21353,220368.0
21354,221907.0
21355,224438.0
21356,224954.0
21357,224501.0
21358,226256.0
21359,229429.0
21360,229904.0
21361,229695.0
21362,229751.0
21363,229840.0
21364,228332.0
21365,230882.0
21366,230676.0
21367,230429.0
21368,231138.0
21369,232963.0
21370,231634.0
21371,230494.0
21372,232228.0
21373,229700.0
21374,229449.0
21375,228436.0
21376,228583.0
21377,229775.0
21378,228412.0
21379,229120.0
21380,229214.0
21381,229254.0
21382,230314.0
21383,232045.0
21384,229102.0
21385,228592.0
21386,227015.0
21387,226931.0
21388,228132.0
21389,231484.0
21390,234750.0
21391,234118.0
21392,233158.0
21393,235100.0
21394,234418.0
21395,232736.0
21396,232838.0
21397,235651.0
21398,235834.0
21399,235600.0
21400,235003.0
21401,234534.0
21402,233697.0
21403,235222.0
21404,238649.0
21405,237468.0
21406,237945.0
21407,238885.0
21408,239116.0
21409,241334.0
21410,241843.0
21411,245496.0
21412,242480.0
21413,240928.0
21414,243855.0
21415,244122.0
21416,243635.0
21417,242066.0
21418,243987.0
21419,245064.0
21420,246348.0
21421,246216.0
21422,247600.0
21423,249065.0
21424,247790.0
21425,246345.0
21426,245345.0
21427,245212.0
21428,244407.0
21429,243307.0
21430,244405.0
21431,243110.0
21432,244257.0
21433,243945.0
21434,240559.0
21435,244079.0
21436,245767.0
21437,246194.0
21438,245928.0
21439,245071.0
21440,244125.0
21441,244428.0
21442,244800.0
21443,244787.0
21444,243654.0
21445,243523.0
21446,244047.0
21447,242218.0
21448,240636.0
21449,240595.0
21450,241743.0
21451,242522.0
21452,242382.0
21453,244905.0
21454,249062.0
21455,247631.0
21456,249545.0
21457,249869.0
21458,250491.0
21459,250943.0
21460,252341.0
21461,251376.0
21462,252859.0
21463,252708.0
21464,252393.0
21465,252467.0
21466,252077.0
21467,253698.0
21468,250405.0
21469,249635.0
21470,250205.0
21471,250531.0
21472,250092.0
21473,249080.0
21474,250350.0
21475,249638.0
21476,250372.0
21477,249781.0
21478,251401.0
21479,251116.0
21480,250385.0
21481,250736.0
21482,248111.0
21483,247344.0
21484,247575.0
21485,248349.0
21486,249058.0
21487,247521.0
21488,247767.0
21489,244897.0
21490,242844.0
21491,242031.0
21492,242212.0
21493,238079.0
21494,238264.0
21495,240317.0
21496,236985.0
21497,237426.0
21498,235681.0
21499,233774.0
21500,232187.0
21501,234448.0
21502,233799.0
21503,234095.0
21504,233809.0
21505,232996.0
21506,231482.0
21507,229495.0
21508,229195.0
21509,230417.0
21510,228391.0
21511,228523.0
21512,228363.0
21513,229830.0
21514,231544.0
21515,231638.0
21516,230886.0
21517,229487.0
21518,229199.0
1630,29656.0
1631,27640.0
1632,26488.0
1633,28449.0
1634,29011.0
1635,28813.0
1636,28890.0
1637,28936.0
1638,27126.0
1639,26566.0
1640,28710.0
1641,29281.0
1642,27423.0
1643,29909.0
1644,29857.0
1645,27457.0
1646,26601.0
1647,29091.0
1648,29910.0
1649,29571.0
1650,29019.0
1651,28890.0
1652,27312.0
1653,26561.0
1654,28869.0
1655,29827.0
1656,30058.0
1657,29829.0
1658,30624.0
1659,29467.0
1660,28533.0
1661,30603.0
1662,30161.0
1663,29832.0
1664,29911.0
1665,29744.0
1666,28513.0
1667,27861.0
1668,30111.0
1669,30801.0
1670,30627.0
1671,30525.0
1672,29572.0
1673,28389.0
1674,28058.0
1675,30465.0
1676,30044.0
1677,30007.0
1678,29924.0
1679,30119.0
1680,28211.0
1681,27726.0
1682,30076.0
1683,29884.0
1684,29664.0
1685,29342.0
1686,29388.0
1687,28134.0
1688,26738.0
1689,29869.0
1690,29887.0
1691,29784.0
1692,29819.0
1693,29822.0
1694,28229.0
1695,27709.0
1696,29949.0
1697,29971.0
1698,30063.0
1699,30287.0
1700,29827.0
1701,28249.0
1702,28350.0
1703,30558.0
1704,31019.0
1705,31345.0
1706,31600.0
1707,31314.0
1708,30025.0
1709,28503.0
1710,30728.0
1711,30116.0
1712,29651.0
1713,29651.0
1714,29957.0
1715,28553.0
1716,27879.0
1717,29541.0
1718,29517.0
1719,28732.0
1720,28863.0
1721,28860.0
1722,27869.0
1723,27132.0
1724,28756.0
1725,28881.0
1726,28737.0
1727,29209.0
1728,29231.0
1729,27996.0
1730,27187.0
1731,29195.0
1732,29505.0
1733,29625.0
1734,29703.0
1735,29667.0
1736,27760.0
1737,27291.0
1738,29666.0
1739,30105.0
1740,29765.0
1741,29978.0
1742,29825.0
1743,28774.0
1744,28017.0
1745,30641.0
1746,30281.0
1747,31090.0
1748,31592.0
1749,31221.0
1750,30180.0
1751,29808.0
1752,32593.0
1753,33787.0
1754,33915.0
1755,34758.0
1756,34640.0
1757,32802.0
1758,32872.0
1759,35198.0
1760,34298.0
1761,33360.0
1762,33428.0
1763,32494.0
1764,30658.0
1765,29414.0
1766,32038.0
1767,31986.0
1768,32645.0
1769,32903.0
1770,33286.0
1771,31310.0
1772,30602.0
1773,33853.0
1774,34066.0
1775,35707.0
1776,35895.0
1777,35508.0
1778,33257.0
1779,31826.0
1780,34834.0
1781,35321.0
1782,34413.0
1783,34621.0
1784,34166.0
1785,31850.0
1786,30760.0
1787,30874.0
1788,33261.0
1789,32964.0
1790,33105.0
1791,33326.0
1792,31728.0
1793,30801.0
1794,33257.0
1795,34351.0
1796,34421.0
1797,35479.0
1798,35471.0
1799,33752.0
1800,33397.0
1801,35780.0
1802,36076.0
1803,36667.0
1804,36748.0
1805,36357.0
1806,34415.0
1807,34322.0
1808,36972.0
1809,37272.0
1810,37427.0
1811,37682.0
1812,37221.0
1813,35167.0
1814,35048.0
1815,37655.0
1816,38208.0
1817,38319.0
1818,38290.0
1819,38587.0
1820,36617.0
1821,36367.0
1822,38953.0
1823,38910.0
1824,39301.0
1825,39911.0
1826,40332.0
1827,37938.0
1828,37729.0
1829,40684.0
1830,40822.0
1831,39649.0
1832,39904.0
1833,39597.0
1834,37812.0
1835,36646.0
1836,38963.0
1837,37973.0
1838,37549.0
1839,37769.0
1840,37746.0
1841,36894.0
1842,36325.0
1843,36930.0
1844,35597.0
1845,32829.0
1846,32899.0
1847,33941.0
1848,34587.0
1849,34686.0
1850,34688.0
1851,34350.0
1852,34783.0
1853,37446.0
1854,36760.0
1855,34701.0
1856,34414.0
1857,37127.0
1858,37444.0
1859,37766.0
1860,37510.0
1861,37627.0
1862,36751.0
1863,36686.0
1864,39311.0
1865,40413.0
1866,39603.0
1867,40181.0
1868,40486.0
1869,38921.0
1870,38225.0
1871,41219.0
1872,41977.0
1873,42487.0
1874,42512.0
1875,43079.0
1876,41438.0
1877,40305.0
1878,42693.0
1879,42279.0
1880,40938.0
1881,40319.0
1882,40521.0
1883,38389.0
1884,37794.0
1885,40188.0
1886,40175.0
1887,40428.0
1888,40485.0
1889,38609.0
1890,36909.0
1891,35930.0
1892,39368.0
1893,39003.0
1894,38433.0
1895,38968.0
1896,38399.0
1897,37338.0
1898,37721.0
1899,40615.0
1900,41355.0
1901,41014.0
1902,41342.0
1903,40436.0
1904,38733.0
1905,37923.0
1906,40183.0
1907,40438.0
1908,40192.0
1909,39886.0
1910,38882.0
1911,36804.0
1912,36579.0
1913,36856.0
1914,39508.0
1915,37984.0
1916,37529.0
1917,37170.0
1918,34908.0
1919,33790.0
1920,36880.0
1921,37718.0
1922,35705.0
1923,35986.0
1924,35935.0
1925,33529.0
1926,32589.0
1927,34528.0
1928,33907.0
1929,33842.0
3589,133126.0
3590,122723.0
3591,116412.0
3592,132033.0
3593,132391.0
3594,132186.0
3595,132299.0
3596,131630.0
3597,122250.0
3598,117582.0
3599,131368.0
3600,129372.0
3601,118990.0
3602,131834.0
3603,131040.0
3604,121855.0
3605,116784.0
3606,131438.0
3607,132983.0
3608,135333.0
3609,135197.0
3610,134305.0
3611,123346.0
36110,118728.0
3612,135954.0
3613,136702.0
3614,138201.0
3615,139830.0
3616,140018.0
3617,127641.0
3618,121850.0
3619,137185.0
3620,136359.0
3621,134634.0
3622,134799.0
3623,135492.0
3624,126696.0
3625,119844.0
3626,133711.0
3627,136117.0
3628,134923.0
3629,135374.0
3630,133463.0
3631,123246.0
3632,119379.0
3633,132002.0
3634,130104.0
3635,130384.0
3636,130792.0
3637,129723.0
3638,121659.0
3639,117632.0
3640,129724.0
3641,129177.0
3642,127842.0
3643,127353.0
3644,127838.0
3645,121082.0
3646,115983.0
3647,128334.0
3648,132038.0
3649,131953.0
3650,132811.0
3651,131874.0
3652,122959.0
3653,118989.0
3654,134291.0
3655,136634.0
3656,136371.0
3657,135384.0
3658,135857.0
3659,126703.0
3660,122579.0
3661,136070.0
3662,139034.0
3663,141941.0
3664,142042.0
3665,141750.0
3666,131716.0
3667,125334.0
3668,138474.0
3669,136987.0
3670,135946.0
3671,136796.0
3672,136822.0
3673,126977.0
3674,122313.0
3675,136158.0
3676,137131.0
3677,137347.0
3678,135858.0
3679,132526.0
3680,125302.0
3681,121812.0
3682,135010.0
3683,136478.0
3684,137463.0
3685,137746.0
3686,139008.0
3687,131708.0
3688,124523.0
3689,139695.0
3690,140697.0
3691,138884.0
3692,141163.0
3693,140438.0
3694,130039.0
3695,124563.0
3696,140010.0
3697,142078.0
3698,142406.0
3699,142288.0
3700,142695.0
3701,132958.0
3702,128095.0
3703,143678.0
3704,144962.0
3705,145926.0
3706,147554.0
3707,149157.0
3708,140316.0
3709,134479.0
3710,150983.0
3711,154252.0
3712,156221.0
3713,158081.0
3714,157727.0
3715,148815.0
3716,142061.0
3717,157009.0
3718,159940.0
3719,160109.0
3720,157991.0
3721,157328.0
3722,147721.0
3723,142358.0
3724,157549.0
3725,155424.0
3726,157248.0
3727,157442.0
3728,157711.0
3729,148862.0
3730,141251.0
3731,159582.0
3732,162247.0
3733,163904.0
3734,163916.0
3735,163330.0
3736,151914.0
3737,143935.0
3738,160578.0
3739,161124.0
3740,159735.0
3741,158313.0
3742,158545.0
3743,148599.0
3744,142643.0
3745,143466.0
3746,155283.0
3747,153493.0
3748,156192.0
3749,156939.0
3750,149178.0
3751,143063.0
3752,157947.0
3753,159368.0
3754,160566.0
3755,161530.0
3756,162054.0
3757,152520.0
3758,146949.0
3759,162538.0
3760,163890.0
3761,164990.0
3762,163722.0
3763,163519.0
3764,155677.0
3765,150316.0
3766,165024.0
3767,166855.0
3768,167210.0
3769,168531.0
3770,168320.0
3771,158006.0
3772,152883.0
3773,167101.0
3774,170742.0
3775,171213.0
3776,171555.0
3777,171467.0
3778,160901.0
3779,156890.0
3780,172204.0
3781,173500.0
3782,174901.0
3783,175482.0
3784,176500.0
3785,165131.0
3786,159364.0
3787,175391.0
3788,178450.0
3789,176139.0
3790,175567.0
3791,176513.0
3792,166425.0
3793,161442.0
3794,175308.0
3795,173611.0
3796,170894.0
3797,169089.0
3798,166998.0
3799,158530.0
3800,153701.0
3801,164277.0
3802,155043.0
3803,139623.0
3804,143565.0
3805,147587.0
3806,148135.0
3807,149201.0
3808,149723.0
3809,147132.0
3810,150715.0
3811,161675.0
3812,162141.0
3813,151518.0
3814,150401.0
3815,161327.0
3816,161583.0
3817,164943.0
3818,166220.0
3819,166115.0
3820,160752.0
3821,158395.0
3822,173064.0
3823,178119.0
3824,178215.0
3825,178386.0
3826,177802.0
3827,168653.0
3828,164804.0
3829,180398.0
3830,183742.0
3831,185518.0
3832,186440.0
3833,188740.0
3834,178215.0
3835,171037.0
3836,185800.0
3837,184015.0
3838,183294.0
3839,182777.0
3840,184437.0
3841,176149.0
3842,169280.0
3843,182320.0
3844,180572.0
3845,180290.0
3846,178932.0
3847,176769.0
3848,164283.0
3849,159681.0
3850,175219.0
3851,171846.0
3852,170198.0
3853,168663.0
3854,169126.0
3855,162149.0
3856,159997.0
3857,176278.0
3858,175579.0
3859,174439.0
3860,172412.0
3861,169858.0
3862,162001.0
3863,156292.0
3864,169947.0
3865,168890.0
3866,168426.0
3867,168094.0
3868,166654.0
3869,149948.0
3870,148467.0
3871,151041.0
3872,165131.0
3873,163577.0
3874,161212.0
3875,160824.0
3876,149395.0
3877,143979.0
3878,159059.0
3879,161166.0
3880,161984.0
3881,162531.0
3882,161952.0
3883,151407.0
3884,146494.0
3885,157948.0
3886,156050.0
3887,154716.0
9465,10114.0
9466,9814.0
9467,9651.0
9468,9929.0
9469,9869.0
9470,10061.0
9471,9897.0
9472,9945.0
9473,9805.0
9474,9543.0
9475,10111.0
9476,10216.0
9477,10085.0
9478,10652.0
9479,10643.0
9480,10404.0
9481,10615.0
9482,11097.0
9483,11636.0
9484,11633.0
9485,11167.0
9486,10522.0
9487,10064.0
9488,9966.0
9489,10760.0
9490,10302.0
9491,11152.0
9492,11553.0
9493,11655.0
9494,11347.0
9495,11308.0
9496,11623.0
9497,11185.0
9498,11228.0
9499,11134.0
9500,10831.0
9501,10610.0
9502,10910.0
9503,11653.0
9504,11802.0
9505,11748.0
9506,11875.0
9507,11394.0
9508,10827.0
9509,10792.0
9510,11494.0
9511,11880.0
9512,12148.0
9513,11488.0
9514,11034.0
9515,10597.0
9516,10530.0
9517,11203.0
9518,10952.0
9519,10760.0
9520,10857.0
9521,10724.0
9522,10098.0
9523,10183.0
9524,10695.0
9525,9944.0
9526,9672.0
9527,9825.0
9528,10111.0
9529,9551.0
9530,9486.0
9531,9393.0
9532,9636.0
9533,9850.0
9534,10056.0
9535,10046.0
9536,9752.0
9537,9765.0
9538,10137.0
9539,10160.0
9540,11111.0
9541,11400.0
9542,11130.0
9543,10611.0
9544,10472.0
9545,11268.0
9546,10170.0
9547,10535.0
9548,11075.0
9549,10370.0
9550,9608.0
9551,9559.0
9552,10270.0
9553,10231.0
9554,9795.0
9555,9515.0
9556,9771.0
9557,9253.0
9558,8867.0
9559,9386.0
9560,9150.0
9561,9015.0
9562,8792.0
9563,8723.0
9564,8521.0
9565,8543.0
9566,8807.0
9567,8754.0
9568,8709.0
9569,8694.0
9570,8640.0
9571,8390.0
9572,8408.0
9573,8615.0
9574,8691.0
9575,8720.0
9576,8557.0
9577,8770.0
9578,8616.0
9579,8500.0
9580,8881.0
9581,8929.0
9582,9279.0
9583,9627.0
9584,9465.0
9585,9404.0
9586,9531.0
9587,9900.0
9588,9607.0
9589,9462.0
9590,10535.0
9591,11646.0
9592,11005.0
9593,10955.0
9594,11945.0
9595,12098.0
9596,12120.0
9597,12193.0
9598,11827.0
9599,11176.0
9600,10584.0
9601,10945.0
9602,10913.0
9603,10876.0
9604,11241.0
9605,11218.0
9606,10354.0
9607,10507.0
9608,11037.0
9609,10986.0
9610,11323.0
9611,12304.0
9612,12152.0
9613,11151.0
9614,10822.0
9615,11155.0
9616,11186.0
9617,11227.0
9618,11298.0
9619,11363.0
9620,11277.0
9621,10975.0
9622,10833.0
9623,11229.0
9624,11037.0
9625,11103.0
9626,11161.0
9627,11253.0
9628,11136.0
9629,11486.0
9630,11367.0
9631,11268.0
9632,11489.0
9633,11830.0
9634,11791.0
9635,11857.0
9636,12473.0
9637,12496.0
9638,12553.0
9639,12480.0
9640,12495.0
9641,12191.0
9642,12270.0
9643,12828.0
9644,12733.0
9645,12678.0
9646,12843.0
9647,12632.0
9648,12017.0
9649,12105.0
9650,12763.0
9651,13074.0
9652,14010.0
9653,14002.0
9654,13396.0
9655,13005.0
9656,12527.0
9657,13597.0
9658,13619.0
9659,14759.0
9660,14845.0
9661,15224.0
9662,14074.0
9663,14376.0
9664,15086.0
9665,15228.0
9666,15314.0
9667,14703.0
9668,14164.0
9669,13618.0
9670,13013.0
9671,13807.0
9672,13600.0
9673,13756.0
9674,13932.0
9675,14139.0
9676,13359.0
9677,13018.0
9678,13738.0
9679,13739.0
9680,12953.0
9681,12980.0
9682,13182.0
9683,13140.0
9684,13277.0
9685,13555.0
9686,13458.0
9687,13258.0
9688,13986.0
9689,13818.0
9690,12798.0
9691,12662.0
9692,13362.0
9693,13691.0
9694,14147.0
9695,14110.0
9696,13967.0
9697,13569.0
9698,13530.0
9699,14791.0
9700,12491.0
9701,14983.0
9702,15078.0
9703,14995.0
9704,14073.0
9705,14078.0
9706,15632.0
9707,16036.0
9708,16320.0
9709,16917.0
9710,16760.0
9711,15794.0
9712,15588.0
9713,16251.0
9714,16224.0
9715,15757.0
9716,15640.0
9717,15563.0
9718,14763.0
9719,14372.0
9720,15073.0
9721,14914.0
9722,14324.0
9723,14130.0
9724,13985.0
9725,13494.0
9726,13529.0
9727,14036.0
9728,13677.0
9729,13673.0
9730,13509.0
9731,13294.0
9732,13266.0
9733,13575.0
9734,14400.0
9735,14337.0
9736,14328.0
9737,14175.0
9738,13694.0
9739,13066.0
9740,13048.0
9741,13330.0
9742,13955.0
9743,13998.0
9744,12984.0
9745,13161.0
9746,12970.0
9747,12776.0
9748,12968.0
9749,13725.0
9750,14135.0
9751,13131.0
9752,12946.0
9753,11869.0
9754,11750.0
9755,12672.0
9756,12247.0
9757,12414.0
9758,12030.0
9759,12023.0
9760,11872.0
9761,11717.0
9762,11963.0
9763,12040.0
9764,11595.0
11424,11561.0
11425,11024.0
11426,11068.0
11427,11265.0
11428,11269.0
11429,11218.0
11430,11197.0
11431,11177.0
11432,10862.0
11433,10851.0
11434,11091.0
11435,11084.0
11436,11033.0
11437,11169.0
11438,11137.0
11439,11043.0
11440,11028.0
11441,11101.0
11442,11122.0
11443,11263.0
11444,11297.0
11445,11371.0
11446,10960.0
11447,11001.0
11448,11269.0
11449,11283.0
11450,11291.0
11451,11329.0
11452,11391.0
11453,10993.0
11454,11123.0
11455,11781.0
11456,11963.0
11457,12113.0
11458,11939.0
11459,11630.0
11460,11417.0
11461,11472.0
11462,11727.0
11463,11726.0
11464,11866.0
11465,11963.0
11466,12101.0
11467,11631.0
11468,11603.0
11469,12050.0
11470,12121.0
11471,12291.0
11472,12269.0
11473,12151.0
11474,11900.0
11475,11894.0
11476,12231.0
11477,12228.0
11478,11937.0
11479,11700.0
11480,11562.0
11481,11559.0
11482,11565.0
11483,11723.0
11484,11731.0
11485,11652.0
11486,11656.0
11487,11695.0
11488,11610.0
11489,11652.0
11490,11774.0
11491,11867.0
11492,11450.0
11493,11235.0
11494,11540.0
11495,11616.0
11496,11611.0
11497,11571.0
11498,11585.0
11499,11661.0
11500,11878.0
11501,12052.0
11502,11861.0
11503,11841.0
11504,12134.0
11505,12122.0
11506,11881.0
11507,11904.0
11508,11820.0
11509,11805.0
11510,11822.0
11511,11817.0
11512,11939.0
11513,11767.0
11514,11845.0
11515,11916.0
11516,11895.0
11517,11213.0
11518,11391.0
11519,11374.0
11520,11045.0
11521,11121.0
11522,11399.0
11523,11194.0
11524,11194.0
11525,11287.0
11526,14099.0
11527,11194.0
11528,11157.0
11529,11210.0
11530,11058.0
11531,11006.0
11532,11082.0
11533,11317.0
11534,11150.0
11535,11244.0
11536,11255.0
11537,11126.0
11538,11079.0
11539,11229.0
11540,11184.0
11541,11092.0
11542,11232.0
11543,11053.0
11544,11144.0
11545,11070.0
11546,11482.0
11547,11763.0
11548,12820.0
11549,13576.0
11550,13747.0
11551,13300.0
11552,13304.0
11553,13473.0
11554,13968.0
11555,15189.0
11556,15331.0
11557,15229.0
11558,15159.0
11559,15040.0
11560,14988.0
11561,15005.0
11562,15023.0
11563,14150.0
11564,14280.0
11565,14145.0
11566,14452.0
11567,14971.0
11568,14946.0
11569,14309.0
11570,14632.0
11571,15197.0
11572,14884.0
11573,14961.0
11574,15386.0
11575,15291.0
11576,15586.0
11577,15778.0
11578,16289.0
11579,16074.0
11580,16111.0
11581,16169.0
11582,16135.0
11583,16166.0
11584,16169.0
11585,16260.0
11586,16027.0
11587,16190.0
11588,16238.0
11589,16246.0
11590,17025.0
11591,17404.0
11592,17588.0
11593,17045.0
11594,17026.0
11595,17644.0
11596,17707.0
11597,18004.0
11598,18520.0
11599,18679.0
11600,18345.0
11601,17757.0
11602,18336.0
11603,18328.0
11604,18461.0
11605,18495.0
11606,18515.0
11607,18260.0
11608,18564.0
11609,18815.0
11610,19024.0
11611,18795.0
11612,19037.0
11613,18970.0
11614,19037.0
11615,19348.0
11616,19935.0
11617,20029.0
11618,20389.0
11619,20546.0
11620,20575.0
11621,20635.0
11622,21409.0
11623,21626.0
11624,21674.0
11625,21569.0
11626,21584.0
11627,21641.0
11628,21605.0
11629,21491.0
11630,21495.0
11631,21420.0
11632,21174.0
11633,20847.0
11634,20915.0
11635,20788.0
11636,20895.0
11637,20450.0
11638,20330.0
11639,19397.0
11640,19429.0
11641,19392.0
11642,19378.0
11643,19375.0
11644,19368.0
11645,20374.0
11646,20361.0
11647,20526.0
11648,20600.0
11649,20604.0
11650,20726.0
11651,20936.0
11652,20944.0
11653,20695.0
11654,20304.0
11655,20463.0
11656,20314.0
11657,20357.0
11658,20785.0
11659,20807.0
11660,20429.0
11661,20866.0
11662,20991.0
11663,20552.0
11664,20634.0
11665,20792.0
11666,20826.0
11667,21298.0
11668,21388.0
11669,21370.0
11670,21660.0
11671,21784.0
11672,22244.0
11673,22654.0
11674,23589.0
11675,23584.0
11676,23560.0
11677,23014.0
11678,22980.0
11679,22840.0
11680,22685.0
11681,21919.0
11682,21507.0
11683,21342.0
11684,21064.0
11685,21062.0
11686,21111.0
11687,21063.0
11688,20489.0
11689,20450.0
11690,19979.0
11691,19941.0
11692,19726.0
11693,19787.0
11694,19753.0
11695,20103.0
11696,20339.0
11697,20503.0
11698,19135.0
11699,19186.0
11700,19446.0
11701,19434.0
11702,19391.0
11703,19355.0
11704,19155.0
11705,18782.0
11706,18457.0
11707,18463.0
11708,18879.0
11709,18882.0
11710,18760.0
11711,18702.0
11712,18302.0
11713,17964.0
11714,18249.0
11715,17927.0
11716,18019.0
11717,16959.0
11718,17568.0
11719,17450.0
11720,17353.0
11721,17466.0
11722,17467.0
11723,17613.0
13383,97669.0
13384,92427.0
13385,90944.0
13386,94429.0
13387,93328.0
13388,90950.0
13389,92480.0
13390,92813.0
13391,88800.0
13392,86984.0
13393,93351.0
13394,95520.0
13395,89185.0
13396,99692.0
13397,102144.0
13398,97700.0
13399,92433.0
13400,98812.0
13401,101197.0
13402,102806.0
13403,102560.0
13404,99032.0
13405,92376.0
13406,90495.0
13407,98884.0
13408,99668.0
13409,102746.0
13410,108088.0
13411,112679.0
13412,111370.0
13413,107325.0
13414,112525.0
13415,105958.0
13416,101208.0
13417,103843.0
13418,105218.0
13419,105001.0
13420,104611.0
13421,112291.0
13422,112607.0
13423,115922.0
13424,116790.0
13425,111485.0
13426,108318.0
13427,106437.0
13428,113340.0
13429,115033.0
13430,112445.0
13431,113691.0
13432,113631.0
13433,109270.0
13434,103082.0
13435,108225.0
13436,103279.0
13437,100879.0
13438,101078.0
13439,100200.0
13440,96898.0
13441,95425.0
13442,101256.0
13443,100993.0
13444,100824.0
13445,100626.0
13446,101661.0
13447,97007.0
13448,92958.0
13449,99004.0
13450,99278.0
13451,99366.0
13452,101363.0
13453,103897.0
13454,102277.0
13455,101433.0
13456,113641.0
13457,110800.0
13458,110988.0
13459,111333.0
13460,115676.0
13461,112343.0
13462,108007.0
13463,115377.0
13464,112571.0
13465,113078.0
13466,112418.0
13467,110853.0
13468,104104.0
13469,101898.0
13470,110587.0
13471,108296.0
13472,106276.0
13473,107326.0
13474,107353.0
13475,100015.0
13476,95818.0
13477,101477.0
13478,101420.0
13479,98534.0
13480,99145.0
13481,98904.0
13482,92921.0
13483,90340.0
13484,96879.0
13485,98574.0
13486,98615.0
13487,99713.0
13488,100670.0
13489,96320.0
13490,93015.0
13491,99622.0
13492,99832.0
13493,99156.0
13494,99655.0
13495,100159.0
13496,96959.0
13497,94240.0
13498,100765.0
13499,100965.0
13500,103458.0
13501,104546.0
13502,106734.0
13503,103300.0
13504,102474.0
13505,108894.0
13506,109793.0
13507,110625.0
13508,113686.0
13509,112659.0
13510,108718.0
13511,110475.0
13512,118122.0
13513,119145.0
13514,121054.0
13515,119139.0
13516,115315.0
13517,105848.0
13518,106126.0
13519,112030.0
13520,112370.0
13521,107573.0
13522,108858.0
13523,108152.0
13524,105924.0
13525,104364.0
13526,112816.0
13527,112710.0
13528,114468.0
13529,115635.0
13530,117379.0
13531,112306.0
13532,108390.0
13533,116157.0
13534,111092.0
13535,112266.0
13536,111834.0
13537,111683.0
13538,107311.0
13539,104467.0
13540,102589.0
13541,108440.0
13542,109059.0
13543,108282.0
13544,109465.0
13545,104788.0
13546,104351.0
13547,110320.0
13548,112318.0
13549,111553.0
13550,113230.0
13551,115499.0
13552,110487.0
13553,108172.0
13554,116489.0
13555,120019.0
13556,118810.0
13557,119944.0
13558,120473.0
13559,114160.0
13560,112358.0
13561,119330.0
13562,119766.0
13563,119351.0
13564,122397.0
13565,123341.0
13566,117729.0
13567,115461.0
13568,122386.0
13569,127104.0
13570,129949.0
13571,127965.0
13572,128888.0
13573,124245.0
13574,123656.0
13575,132090.0
13576,134367.0
13577,137730.0
13578,138678.0
13579,139663.0
13580,132323.0
13581,132525.0
13582,140101.0
13583,142598.0
13584,141646.0
13585,142194.0
13586,139082.0
13587,132576.0
13588,128386.0
13589,136514.0
13590,133425.0
13591,134249.0
13592,130179.0
13593,131258.0
13594,126159.0
13595,123907.0
13596,130589.0
13597,126254.0
13598,109097.0
13599,112852.0
13600,114259.0
13601,115704.0
13602,116582.0
13603,117217.0
13604,113350.0
13605,117178.0
13606,125175.0
13607,123284.0
13608,118292.0
13609,114374.0
13610,125086.0
13611,125926.0
13612,130547.0
13613,130581.0
13614,128562.0
13615,121651.0
13616,119331.0
13617,132605.0
13618,131994.0
13619,130154.0
13620,127166.0
13621,136328.0
13622,133801.0
13623,129988.0
13624,139485.0
13625,141924.0
13626,143499.0
13627,145314.0
13628,146706.0
13629,143307.0
13630,140433.0
13631,147102.0
13632,149759.0
13633,153436.0
13634,148046.0
13635,147454.0
13636,137491.0
13637,130673.0
13638,133957.0
13639,131676.0
13640,128993.0
13641,127992.0
13642,124237.0
13643,118660.0
13644,117015.0
13645,126296.0
13646,125777.0
13647,125523.0
13648,124127.0
13649,124572.0
13650,118626.0
13651,116173.0
13652,123981.0
13653,124925.0
13654,126944.0
13655,127822.0
13656,127665.0
13657,118772.0
13658,115767.0
13659,123889.0
13660,120570.0
13661,118930.0
13662,116723.0
13663,117704.0
13664,110240.0
13665,110151.0
13666,110653.0
13667,119150.0
13668,123027.0
13669,125890.0
13670,122621.0
13671,110530.0
13672,109722.0
13673,122584.0
13674,121191.0
13675,119572.0
13676,119719.0
13677,116364.0
13678,109906.0
13679,107678.0
13680,113208.0
13681,110882.0
13682,108743.0
15342,40076.0
15343,38550.0
15344,37822.0
15345,39586.0
15346,39803.0
15347,39428.0
15348,39693.0
15349,40015.0
15350,38171.0
15351,37080.0
15352,39273.0
15353,39587.0
15354,37993.0
15355,39513.0
15356,39621.0
15357,38706.0
15358,38013.0
15359,39548.0
15360,39662.0
15361,40236.0
15362,40244.0
15363,40293.0
15364,38434.0
15365,38192.0
15366,40169.0
15367,40009.0
15368,39756.0
15369,40190.0
15370,40412.0
15371,39206.0
15372,38595.0
15373,40722.0
15374,40324.0
15375,40986.0
15376,40493.0
15377,40034.0
15378,38763.0
15379,38623.0
15380,40753.0
15381,41098.0
15382,41486.0
15383,41505.0
15384,41951.0
15385,40260.0
15386,39848.0
15387,42185.0
15388,42127.0
15389,41968.0
15390,41295.0
15391,41139.0
15392,40037.0
15393,39348.0
15394,41366.0
15395,41172.0
15396,40346.0
15397,40294.0
15398,39574.0
15399,38687.0
15400,37596.0
15401,39414.0
15402,38805.0
15403,39346.0
15404,38912.0
15405,38918.0
15406,37735.0
15407,37292.0
15408,39038.0
15409,38990.0
15410,38933.0
15411,38893.0
15412,39201.0
15413,38094.0
15414,37344.0
15415,39049.0
15416,38890.0
15417,38783.0
15418,39156.0
15419,39264.0
15420,38004.0
15421,37363.0
15422,39238.0
15423,39432.0
15424,39328.0
15425,39101.0
15426,39374.0
15427,37699.0
15428,37133.0
15429,38821.0
15430,39087.0
15431,39370.0
15432,39530.0
15433,39490.0
15434,37963.0
15435,37210.0
15436,39066.0
15437,39118.0
15438,39136.0
15439,39361.0
15440,38755.0
15441,37754.0
15442,37405.0
15443,39309.0
15444,39379.0
15445,39535.0
15446,39771.0
15447,39938.0
15448,38391.0
15449,38082.0
15450,40077.0
15451,40359.0
15452,40323.0
15453,40357.0
15454,40300.0
15455,39110.0
15456,38769.0
15457,39686.0
15458,40823.0
15459,41748.0
15460,42101.0
15461,41593.0
15462,40778.0
15463,40863.0
15464,43027.0
15465,44669.0
15466,44908.0
15467,45382.0
15468,45884.0
15469,45781.0
15470,45761.0
15471,47564.0
15472,47835.0
15473,48419.0
15474,48041.0
15475,47741.0
15476,45822.0
15477,45599.0
15478,47842.0
15479,47441.0
15480,47413.0
15481,47511.0
15482,47033.0
15483,45486.0
15484,45642.0
15485,47410.0
15486,47553.0
15487,47716.0
15488,47893.0
15489,48179.0
15490,46698.0
15491,46112.0
15492,48260.0
15493,48542.0
15494,48384.0
15495,47968.0
15496,48422.0
15497,46452.0
15498,45361.0
15499,45645.0
15500,47348.0
15501,47230.0
15502,47534.0
15503,48519.0
15504,47070.0
15505,46435.0
15506,48680.0
15507,48487.0
15508,49307.0
15509,49433.0
15510,49411.0
15511,47951.0
15512,47474.0
15513,49723.0
15514,49546.0
15515,50594.0
15516,51008.0
15517,51318.0
15518,49228.0
15519,48470.0
15520,50803.0
15521,51201.0
15522,50798.0
15523,50756.0
15524,51289.0
15525,49609.0
15526,50061.0
15527,52233.0
15528,52591.0
15529,53751.0
15530,54021.0
15531,53709.0
15532,51627.0
15533,51273.0
15534,53881.0
15535,53920.0
15536,54753.0
15537,55731.0
15538,56457.0
15539,54935.0
15540,54546.0
15541,57057.0
15542,57102.0
15543,57103.0
15544,57336.0
15545,57231.0
15546,55365.0
15547,54662.0
15548,56781.0
15549,56659.0
15550,56103.0
15551,55952.0
15552,55929.0
15553,53910.0
15554,53874.0
15555,55897.0
15556,55777.0
15557,51660.0
15558,51603.0
15559,52334.0
15560,52375.0
15561,52219.0
15562,52378.0
15563,52620.0
15564,52754.0
15565,55501.0
15566,54801.0
15567,52052.0
15568,51324.0
15569,53712.0
15570,54636.0
15571,54249.0
15572,53749.0
15573,53384.0
15574,51679.0
15575,51027.0
15576,54025.0
15577,54754.0
15578,54898.0
15579,54881.0
15580,54949.0
15581,53938.0
15582,53101.0
15583,55243.0
15584,55707.0
15585,57084.0
15586,57819.0
15587,58521.0
15588,57816.0
15589,57992.0
15590,59860.0
15591,60499.0
15592,60946.0
15593,60588.0
15594,59895.0
15595,57174.0
15596,55360.0
15597,56608.0
15598,56267.0
15599,55395.0
15600,55021.0
15601,53735.0
15602,51626.0
15603,50630.0
15604,52675.0
15605,53010.0
15606,53179.0
15607,52405.0
15608,52482.0
15609,50342.0
15610,49748.0
15611,51832.0
15612,51865.0
15613,52778.0
15614,52946.0
15615,52641.0
15616,50228.0
15617,49343.0
15618,51418.0
15619,51125.0
15620,50585.0
15621,50098.0
15622,50342.0
15623,48287.0
15624,47302.0
15625,48046.0
15626,49034.0
15627,49509.0
15628,51034.0
15629,50668.0
15630,48251.0
15631,46950.0
15632,50030.0
15633,49241.0
15634,48135.0
15635,47613.0
15636,46885.0
15637,46167.0
15638,45019.0
15639,47164.0
15640,46894.0
15641,45849.0
5547,222495.0
5548,202038.0
5549,197773.0
5550,220895.0
5551,223039.0
5552,224273.0
5553,225818.0
5554,222804.0
5555,203925.0
5556,197256.0
5557,223389.0
5558,223566.0
5559,198680.0
5560,222932.0
5561,223004.0
5562,203274.0
5563,198370.0
5564,221672.0
5565,226395.0
5566,226211.0
5567,224783.0
5568,223786.0
5569,205432.0
5570,199034.0
5571,224977.0
5572,228582.0
5573,236121.0
5574,240893.0
5575,244644.0
5576,218010.0
5577,210696.0
5578,238894.0
5579,236444.0
5580,236844.0
5581,241861.0
5582,241351.0
5583,219751.0
5584,213567.0
5585,237477.0
5586,230811.0
5587,231315.0
5588,227759.0
5589,225892.0
5590,203324.0
5591,197968.0
5592,225948.0
5593,228190.0
5594,227904.0
5595,227934.0
5596,222758.0
5597,203212.0
5598,195380.0
5599,222739.0
5600,223618.0
5601,224314.0
5602,224679.0
5603,222706.0
5604,202260.0
5605,193999.0
5606,223100.0
5607,224679.0
5608,225398.0
5609,229177.0
5610,226371.0
5611,203588.0
5612,198637.0
5613,225750.0
5614,228376.0
5615,228043.0
5616,230153.0
5617,231422.0
5618,206798.0
5619,200957.0
5620,230061.0
5621,228465.0
5622,227279.0
5623,228051.0
5624,224589.0
5625,202385.0
5626,200895.0
5627,221760.0
5628,221744.0
5629,223642.0
5630,225539.0
5631,226421.0
5632,203934.0
5633,200230.0
5634,222711.0
5635,229706.0
5636,228924.0
5637,225422.0
5638,226404.0
5639,209132.0
5640,210025.0
5641,231469.0
5642,233797.0
5643,232604.0
5644,237630.0
5645,246113.0
5646,222785.0
5647,217425.0
5648,239593.0
5649,238626.0
5650,240550.0
5651,242825.0
5652,241966.0
5653,228544.0
5654,220109.0
5655,243904.0
5656,247592.0
5657,247223.0
5658,245743.0
5659,251225.0
5660,234533.0
5661,229761.0
5662,251874.0
5663,261495.0
5664,268033.0
5665,272294.0
5666,277816.0
5667,258367.0
5668,248937.0
5669,278747.0
5670,286405.0
5671,291470.0
5672,288296.0
5673,288052.0
5674,265242.0
5675,254554.0
5676,278917.0
5677,279802.0
5678,280345.0
5679,276856.0
5680,270629.0
5681,254193.0
5682,247498.0
5683,270394.0
5684,276239.0
5685,276773.0
5686,279642.0
5687,277994.0
5688,258868.0
5689,253182.0
5690,279559.0
5691,284386.0
5692,288979.0
5693,290671.0
5694,288514.0
5695,262073.0
5696,251569.0
5697,275107.0
5698,277162.0
5699,274489.0
5700,274997.0
5701,272825.0
5702,258748.0
5703,255250.0
5704,254597.0
5705,275050.0
5706,272426.0
5707,278092.0
5708,275156.0
5709,261310.0
5710,255311.0
5711,275330.0
5712,282379.0
5713,284807.0
5714,291137.0
5715,292936.0
5716,275610.0
5717,269120.0
5718,294715.0
5719,295334.0
5720,303421.0
5721,306374.0
5722,303580.0
5723,281829.0
5724,275942.0
5725,301831.0
5726,306799.0
5727,308770.0
5728,312871.0
5729,314146.0
5730,291352.0
5731,283725.0
5732,312366.0
5733,316730.0
5734,314936.0
5735,315162.0
5736,313787.0
5737,294137.0
5738,290102.0
5739,320017.0
5740,325225.0
5741,328485.0
5742,335032.0
5743,322879.0
5744,305016.0
5745,302773.0
5746,333378.0
5747,332621.0
5748,331014.0
5749,323850.0
5750,319780.0
5751,301667.0
5752,290170.0
5753,315237.0
5754,315337.0
5755,310646.0
5756,308511.0
5757,307380.0
5758,289984.0
5759,281579.0
5760,300388.0
5761,289625.0
5762,251344.0
5763,253345.0
5764,262902.0
5765,263918.0
5766,263915.0
5767,262528.0
5768,262530.0
5769,270508.0
5770,293110.0
5771,283705.0
5772,272164.0
5773,270482.0
5774,298838.0
5775,313215.0
5776,310964.0
5777,319045.0
5778,318625.0
5779,307457.0
5780,304049.0
5781,332895.0
5782,343501.0
5783,346203.0
5784,348856.0
5785,352797.0
5786,328632.0
5787,323804.0
5788,349457.0
5789,354538.0
5790,353360.0
5791,362295.0
5792,360201.0
5793,332099.0
5794,323382.0
5795,351199.0
5796,338367.0
5797,334537.0
5798,330412.0
5799,324898.0
5800,293328.0
5801,289582.0
5802,314344.0
5803,315254.0
5804,314723.0
5805,315246.0
5806,307529.0
5807,284012.0
5808,279488.0
5809,301251.0
5810,297155.0
5811,297412.0
5812,299062.0
5813,295850.0
5814,278674.0
5815,273691.0
5816,293195.0
5817,296456.0
5818,295589.0
5819,297403.0
5820,296531.0
5821,279030.0
5822,271995.0
5823,293778.0
5824,298956.0
5825,294261.0
5826,294878.0
5827,289365.0
5828,270586.0
5829,262426.0
5830,260264.0
5831,281882.0
5832,273601.0
5833,283033.0
5834,274681.0
5835,256745.0
5836,253347.0
5837,275220.0
5838,287011.0
5839,289970.0
5840,294948.0
5841,292185.0
5842,262840.0
5843,253086.0
5844,277171.0
5845,268165.0
5846,267700.0
7506,363233.0
7507,341289.0
7508,332757.0
7509,359206.0
7510,359037.0
7511,356607.0
7512,359388.0
7513,357110.0
7514,338089.0
7515,326590.0
7516,360162.0
7517,357657.0
7518,326947.0
7519,357850.0
7520,356050.0
7521,337458.0
7522,333626.0
7523,360612.0
7524,359195.0
7525,357304.0
7526,355371.0
7527,355196.0
7528,341943.0
7529,325854.0
7530,359057.0
7531,361290.0
7532,361938.0
7533,363894.0
7534,366265.0
7535,344605.0
7536,334133.0
7537,365719.0
7538,361597.0
7539,361541.0
7540,363097.0
7541,361303.0
7542,347508.0
7543,337685.0
7544,363386.0
7545,365617.0
7546,366440.0
7547,366212.0
7548,368472.0
7549,344568.0
7550,337959.0
7551,361728.0
7552,362444.0
7553,361848.0
7554,360246.0
7555,361914.0
7556,343122.0
7557,334367.0
7558,356145.0
7559,359959.0
7560,362391.0
7561,361866.0
7562,359736.0
7563,345374.0
7564,337503.0
7565,360256.0
7566,361305.0
7567,362464.0
7568,361565.0
7569,361723.0
7570,343346.0
7571,338107.0
7572,362659.0
7573,360235.0
7574,363368.0
7575,360911.0
7576,364101.0
7577,347593.0
7578,339320.0
7579,366107.0
7580,365115.0
7581,368950.0
7582,368704.0
7583,367111.0
7584,346955.0
7585,341525.0
7586,369101.0
7587,367065.0
7588,366711.0
7589,365603.0
7590,363941.0
7591,344612.0
7592,339798.0
7593,369017.0
7594,371731.0
7595,372815.0
7596,374946.0
7597,373083.0
7598,356707.0
7599,348035.0
7600,374020.0
7601,375727.0
7602,374514.0
7603,374876.0
7604,375531.0
7605,359937.0
7606,353985.0
7607,377924.0
7608,378504.0
7609,379445.0
7610,380708.0
7611,382063.0
7612,361622.0
7613,357491.0
7614,384804.0
7615,391275.0
7616,393863.0
7617,387193.0
7618,387402.0
7619,371402.0
7620,365066.0
7621,390311.0
7622,391113.0
7623,398204.0
7624,400728.0
7625,405292.0
7626,388449.0
7627,382246.0
7628,412801.0
7629,420418.0
7630,429547.0
7631,431240.0
7632,430804.0
7633,408484.0
7634,400755.0
7635,428606.0
7636,431418.0
7637,429296.0
7638,428287.0
7639,428039.0
7640,407267.0
7641,397706.0
7642,427288.0
7643,424425.0
7644,424390.0
7645,423802.0
7646,425826.0
7647,406602.0
7648,396530.0
7649,429326.0
7650,430072.0
7651,431672.0
7652,432348.0
7653,432239.0
7654,410095.0
7655,406230.0
7656,433559.0
7657,431563.0
7658,427454.0
7659,424956.0
7660,422497.0
7661,404167.0
7662,396615.0
7663,397818.0
7664,424265.0
7665,421674.0
7666,423243.0
7667,424485.0
7668,407476.0
7669,399139.0
7670,427345.0
7671,427664.0
7672,429615.0
7673,430963.0
7674,432962.0
7675,417281.0
7676,410926.0
7677,435690.0
7678,438051.0
7679,439243.0
7680,442562.0
7681,442732.0
7682,422560.0
7683,417167.0
7684,442982.0
7685,449380.0
7686,452892.0
7687,451897.0
7688,451728.0
7689,435436.0
7690,426125.0
7691,454743.0
7692,460064.0
7693,459584.0
7694,459170.0
7695,459470.0
7696,439514.0
7697,429085.0
7698,463949.0
7699,470269.0
7700,475813.0
7701,475953.0
7702,473693.0
7703,451614.0
7704,445543.0
7705,482053.0
7706,478868.0
7707,472589.0
7708,472471.0
7709,475364.0
7710,450721.0
7711,441770.0
7712,469531.0
7713,470349.0
7714,464265.0
7715,465308.0
7716,462662.0
7717,446774.0
7718,435849.0
7719,449775.0
7720,437581.0
7721,402280.0
7722,409893.0
7723,422007.0
7724,426947.0
7725,422460.0
7726,420982.0
7727,412670.0
7728,423607.0
7729,450484.0
7730,450672.0
7731,434586.0
7732,429372.0
7733,460928.0
7734,462394.0
7735,464402.0
7736,467220.0
7737,469941.0
7738,454920.0
7739,456310.0
7740,481995.0
7741,481507.0
7742,485205.0
7743,491738.0
7744,495012.0
7745,475482.0
7746,471559.0
7747,500425.0
7748,503632.0
7749,508479.0
7750,508691.0
7751,512205.0
7752,490734.0
7753,481560.0
7754,505066.0
7755,497938.0
7756,488760.0
7757,488050.0
7758,482244.0
7759,463643.0
7760,452201.0
7761,473453.0
7762,465370.0
7763,468099.0
7764,464509.0
7765,460189.0
7766,440441.0
7767,432561.0
7768,456541.0
7769,453156.0
7770,453049.0
7771,452293.0
7772,451901.0
7773,433572.0
7774,427529.0
7775,453613.0
7776,453028.0
7777,454078.0
7778,451718.0
7779,449893.0
7780,428748.0
7781,421207.0
7782,448256.0
7783,447765.0
7784,447940.0
7785,448239.0
7786,438729.0
7787,410652.0
7788,409863.0
7789,413751.0
7790,437339.0
7791,433837.0
7792,426835.0
7793,428207.0
7794,403260.0
7795,399952.0
7796,427810.0
7797,429394.0
7798,433297.0
7799,434065.0
7800,434132.0
7801,406849.0
7802,398672.0
7803,422918.0
7804,419355.0
7805,416500.0
